group	fill	colour	clickSelects
2	#CD1076	#000000	34
3	#CD1076	#000000	34
4	#CD1076	#000000	40
5	#CD1076	#000000	12
6	#CD1076	#000000	12
7	#FFFEFF	#D2D2D2	14
8	#FFFEFF	#D2D2D2	14
9	#FFFEFF	#D2D2D2	14
10	#FFFFFF	#D3D3D3	11
11	#FFFFFF	#D3D3D3	11
12	#FFFFFF	#D3D3D3	11
13	#FFFFFF	#D3D3D3	11
14	#CD1076	#000000	34
15	#FFFEFF	#D2D2D2	14
16	#FFFEFF	#D2D2D2	14
17	#FFFEFF	#D2D2D2	14
18	#FFFEFF	#D2D2D2	14
19	#FFFEFF	#D2D2D2	14
20	#FFFEFF	#D2D2D2	14
21	#FFFEFF	#D2D2D2	14
22	#FFFEFF	#D2D2D2	14
23	#FFFEFF	#D2D2D2	14
24	#FFFFFF	#D3D3D3	82
25	#CD1076	#000000	34
26	#FFFFFF	#D3D3D3	82
27	#FFFEFF	#D2D2D2	14
28	#FFFEFF	#D2D2D2	14
29	#FFFEFF	#D2D2D2	14
30	#FFFFFF	#D3D3D3	11
31	#FFFFFF	#D3D3D3	31
32	#FFFFFF	#D3D3D3	11
33	#FFFFFF	#D3D3D3	11
34	#FFFFFF	#D3D3D3	11
35	#FFFFFF	#D3D3D3	31
36	#CD1076	#000000	34
37	#FFFFFF	#D3D3D3	31
38	#FFFFFF	#D3D3D3	11
39	#FFFFFF	#D3D3D3	11
40	#FFFFFF	#D3D3D3	11
41	#FFFFFF	#D3D3D3	11
42	#FFFFFF	#D3D3D3	19
46	#CD1076	#000000	34
47	#CD1076	#000000	40
48	#CD1076	#000000	40
49	#CD1076	#000000	40
50	#CD1076	#000000	40
51	#CD1076	#000000	13
52	#CD1076	#000000	34
53	#CD1076	#000000	40
54	#CD1076	#000000	12
55	#CD1076	#000000	12
56	#CD1076	#000000	12
57	#CD1076	#000000	20
58	#FFFEFF	#D2D2D2	14
59	#FFFFFF	#D3D3D3	11
60	#FFFFFF	#D3D3D3	11
61	#FFFFFF	#D3D3D3	11
62	#FFFFFF	#D3D3D3	11
63	#CD1076	#000000	34
64	#FFFFFF	#D3D3D3	11
65	#FFFEFF	#D2D2D2	14
66	#FFFEFF	#D2D2D2	14
67	#FFFEFF	#D2D2D2	14
68	#FFFEFF	#D2D2D2	14
69	#FFFEFF	#D2D2D2	14
70	#FFFEFF	#D2D2D2	14
71	#FFFFFF	#D3D3D3	82
72	#FFFFFF	#D3D3D3	82
73	#FFFFFF	#D3D3D3	82
74	#CD1076	#000000	34
75	#FFFFFF	#D3D3D3	82
76	#FFFFFF	#D3D3D3	82
77	#FFFEFF	#D2D2D2	14
78	#FFFFFF	#D3D3D3	82
79	#FFFEFF	#D2D2D2	14
80	#FFFFFF	#D3D3D3	11
81	#FFFFFF	#D3D3D3	11
82	#FFFFFF	#D3D3D3	11
83	#FFFFFF	#D3D3D3	11
84	#FFFFFF	#D3D3D3	11
85	#CD1076	#000000	34
86	#FFFFFF	#D3D3D3	31
87	#FFFFFF	#D3D3D3	11
88	#FFFFFF	#D3D3D3	11
89	#FFFFFF	#D3D3D3	11
90	#FFFFFF	#D3D3D3	11
91	#FFFFFF	#D3D3D3	11
92	#FFFFFF	#D3D3D3	19
96	#CD1076	#000000	34
97	#CD1076	#000000	40
98	#CD1076	#000000	40
99	#CD1076	#000000	40
100	#CD1076	#000000	40
102	#CD1076	#000000	13
103	#CD1076	#000000	34
104	#CD1076	#000000	12
105	#CD1076	#000000	12
106	#CD1076	#000000	12
107	#CD1076	#000000	12
108	#CD1076	#000000	20
109	#FFFFFF	#D3D3D3	11
110	#FFFFFF	#D3D3D3	11
111	#FFFFFF	#D3D3D3	11
112	#FFFFFF	#D3D3D3	11
113	#FFFFFF	#D3D3D3	11
114	#CD1076	#000000	34
115	#FFFEFF	#D2D2D2	14
116	#FFFEFF	#D2D2D2	14
117	#FFFEFF	#D2D2D2	14
118	#FFFEFF	#D2D2D2	14
119	#FFFEFF	#D2D2D2	14
120	#FFFEFF	#D2D2D2	14
121	#FFFFFF	#D3D3D3	82
122	#FFFFFF	#D3D3D3	82
123	#FFFFFF	#D3D3D3	82
124	#FFFFFF	#D3D3D3	82
125	#CD1076	#000000	34
126	#FFFFFF	#D3D3D3	82
127	#FFFFFF	#D3D3D3	82
128	#FFFFFF	#D3D3D3	82
129	#FFFEFF	#D2D2D2	14
130	#FFFEFF	#D2D2D2	14
131	#FFFFFF	#D3D3D3	11
132	#FFFFFF	#D3D3D3	11
133	#FFFFFF	#D3D3D3	11
134	#FFFFFF	#D3D3D3	11
135	#FFFFFF	#D3D3D3	11
136	#CD1076	#000000	34
137	#FFFFFF	#D3D3D3	11
138	#FFFFFF	#D3D3D3	11
139	#FFFFFF	#D3D3D3	11
140	#FFFFFF	#D3D3D3	11
141	#FFFFFF	#D3D3D3	11
142	#FFFFFF	#D3D3D3	11
143	#FFFFFF	#D3D3D3	19
146	#CD1076	#000000	40
147	#CD1076	#000000	40
148	#CD1076	#000000	40
149	#CD1076	#000000	40
150	#CD1076	#000000	40
151	#CD1076	#000000	13
152	#CD1076	#000000	34
153	#FFFAFC	#CDCDCD	45
154	#FFFAFC	#CDCDCD	45
155	#FFFAFC	#CDCDCD	45
156	#FFFAFC	#CDCDCD	45
157	#FFFAFC	#CDCDCD	45
158	#FFFAFC	#CDCDCD	45
159	#FFFAFC	#CDCDCD	45
160	#FFFAFC	#CDCDCD	45
161	#FFFAFC	#CDCDCD	45
162	#FFFAFC	#CDCDCD	45
163	#CD1076	#000000	20
164	#FFFAFC	#CDCDCD	45
165	#FFFAFC	#CDCDCD	45
166	#FFFAFC	#CDCDCD	45
167	#FFFAFC	#CDCDCD	45
168	#FFFFFF	#D3D3D3	11
169	#FFFFFF	#D3D3D3	11
170	#FFFFFF	#D3D3D3	11
171	#FFFAFC	#CDCDCD	45
172	#FFFFFF	#D3D3D3	11
173	#FFFFFF	#D3D3D3	11
174	#CD1076	#000000	20
175	#FFFFFF	#D3D3D3	11
176	#FFFFFF	#D3D3D3	11
177	#FFFFFF	#D3D3D3	11
178	#FFFFFF	#D3D3D3	11
179	#FFFFFF	#D3D3D3	11
180	#FFFFFF	#D3D3D3	11
181	#FFFFFF	#D3D3D3	11
182	#FFFFFF	#D3D3D3	11
183	#FFFFFF	#D3D3D3	11
184	#FFFFFF	#D3D3D3	11
185	#CD1076	#000000	12
186	#FFFFFF	#D3D3D3	11
187	#FFFFFF	#D3D3D3	11
188	#FFFFFF	#D3D3D3	11
189	#FFFFFF	#D3D3D3	57
190	#FFFFFF	#D3D3D3	38
192	#FFFFFF	#D3D3D3	38
193	#FFFFFF	#D3D3D3	32
194	#FFFFFF	#D3D3D3	32
195	#FFFFFF	#D3D3D3	32
196	#CD1076	#000000	12
197	#CD1076	#000000	20
198	#CD1076	#000000	20
199	#CD1076	#000000	20
200	#CD1076	#000000	20
202	#CD1076	#000000	13
203	#CD1076	#000000	34
204	#FFFAFC	#CDCDCD	45
205	#FFFAFC	#CDCDCD	45
206	#FFFAFC	#CDCDCD	45
207	#FFFAFC	#CDCDCD	45
208	#FFFAFC	#CDCDCD	45
209	#FFFAFC	#CDCDCD	45
210	#FFFAFC	#CDCDCD	45
211	#FFFAFC	#CDCDCD	45
212	#FFFAFC	#CDCDCD	45
213	#FFFAFC	#CDCDCD	45
214	#CD1076	#000000	20
215	#FFFAFC	#CDCDCD	45
216	#FFFAFC	#CDCDCD	45
217	#FFFAFC	#CDCDCD	45
218	#FFFAFC	#CDCDCD	45
219	#FFFFFF	#D3D3D3	11
220	#FFFFFF	#D3D3D3	11
221	#FFFAFC	#CDCDCD	45
222	#FFFFFF	#D3D3D3	11
223	#FFFFFF	#D3D3D3	11
224	#FFFFFF	#D3D3D3	11
225	#CD1076	#000000	20
226	#FFFFFF	#D3D3D3	11
227	#FFFFFF	#D3D3D3	11
228	#FFFFFF	#D3D3D3	11
229	#FFFFFF	#D3D3D3	11
230	#FFFFFF	#D3D3D3	11
231	#FFFFFF	#D3D3D3	11
232	#FFFFFF	#D3D3D3	11
233	#FFFFFF	#D3D3D3	11
234	#FFFFFF	#D3D3D3	11
235	#FFFFFF	#D3D3D3	11
236	#CD1076	#000000	12
237	#FFFFFF	#D3D3D3	11
238	#FFFFFF	#D3D3D3	11
239	#FFFFFF	#D3D3D3	57
240	#FFFFFF	#D3D3D3	38
241	#FFFFFF	#D3D3D3	4
242	#FFFFFF	#D3D3D3	38
243	#FFFFFF	#D3D3D3	32
244	#FFFFFF	#D3D3D3	32
245	#FFFFFF	#D3D3D3	32
246	#CD1076	#000000	20
247	#CD1076	#000000	20
248	#CD1076	#000000	20
249	#CD1076	#000000	20
250	#FFFAFC	#CDCDCD	45
251	#CD1076	#000000	13
252	#CD1076	#000000	34
253	#FFFAFC	#CDCDCD	45
254	#FFFAFC	#CDCDCD	45
255	#FFFAFC	#CDCDCD	45
256	#FFFAFC	#CDCDCD	45
257	#FFFAFC	#CDCDCD	45
258	#FFFAFC	#CDCDCD	45
259	#FFFAFC	#CDCDCD	45
260	#FFFAFC	#CDCDCD	45
261	#FFFAFC	#CDCDCD	45
262	#FFFAFC	#CDCDCD	45
263	#CD1076	#000000	20
264	#FFFAFC	#CDCDCD	45
265	#FFFAFC	#CDCDCD	45
266	#FFFAFC	#CDCDCD	45
267	#FFFAFC	#CDCDCD	45
268	#FFFAFC	#CDCDCD	45
269	#FFFFFF	#D3D3D3	11
270	#FFFAFC	#CDCDCD	45
271	#FFFAFC	#CDCDCD	45
272	#FFFFFF	#D3D3D3	11
273	#FFFFFF	#D3D3D3	11
274	#CD1076	#000000	20
275	#FFFFFF	#D3D3D3	11
276	#FFFFFF	#D3D3D3	11
277	#FFFFFF	#D3D3D3	11
278	#FFFFFF	#D3D3D3	11
279	#FFFFFF	#D3D3D3	11
280	#FFFFFF	#D3D3D3	11
281	#FFFFFF	#D3D3D3	11
282	#FFFFFF	#D3D3D3	11
283	#FFFFFF	#D3D3D3	11
284	#FFFFFF	#D3D3D3	11
285	#CD1076	#000000	20
286	#FFFFFF	#D3D3D3	11
287	#FFFFFF	#D3D3D3	57
288	#FFFFFF	#D3D3D3	57
289	#FFFFFF	#D3D3D3	38
290	#FFFFFF	#D3D3D3	4
291	#FFFFFF	#D3D3D3	38
292	#FFFFFF	#D3D3D3	32
293	#FFFFFF	#D3D3D3	32
294	#FFFFFF	#D3D3D3	32
295	#FFFFFF	#D3D3D3	32
296	#CD1076	#000000	20
297	#CD1076	#000000	20
298	#CD1076	#000000	20
299	#CD1076	#000000	20
300	#FFFAFC	#CDCDCD	45
302	#CD1076	#000000	34
303	#CD1076	#000000	20
304	#FFFAFC	#CDCDCD	45
305	#FFFAFC	#CDCDCD	45
306	#FFFAFC	#CDCDCD	45
307	#FFFAFC	#CDCDCD	45
308	#FFFAFC	#CDCDCD	45
309	#FFFAFC	#CDCDCD	45
310	#FFFAFC	#CDCDCD	45
311	#FFFAFC	#CDCDCD	45
312	#FFFAFC	#CDCDCD	45
313	#FFFAFC	#CDCDCD	45
314	#CD1076	#000000	20
315	#FFFAFC	#CDCDCD	45
316	#FFFAFC	#CDCDCD	45
317	#FFFAFC	#CDCDCD	45
318	#FFFAFC	#CDCDCD	45
319	#FFFAFC	#CDCDCD	45
320	#FFFAFC	#CDCDCD	45
321	#FFFAFC	#CDCDCD	45
322	#FFFFFF	#D3D3D3	11
323	#FFFFFF	#D3D3D3	11
324	#FFFFFF	#D3D3D3	11
325	#CD1076	#000000	20
326	#FFFFFF	#D3D3D3	11
327	#FFFFFF	#D3D3D3	11
328	#FFFFFF	#D3D3D3	11
329	#FFFFFF	#D3D3D3	11
330	#FFFFFF	#D3D3D3	11
331	#FFFFFF	#D3D3D3	11
332	#FFFFFF	#D3D3D3	11
333	#FFFFFF	#D3D3D3	11
334	#FFFFFF	#D3D3D3	11
335	#FFFFFF	#D3D3D3	11
336	#CD1076	#000000	20
337	#FFFFFF	#D3D3D3	57
338	#FFFFFF	#D3D3D3	57
339	#FFFFFF	#D3D3D3	38
340	#FFFFFF	#D3D3D3	4
341	#FFFFFF	#D3D3D3	38
342	#FFFFFF	#D3D3D3	32
343	#FFFFFF	#D3D3D3	32
344	#FFFFFF	#D3D3D3	32
345	#FFFFFF	#D3D3D3	32
346	#CD1076	#000000	20
347	#CD1076	#000000	20
348	#CD1076	#000000	20
349	#FFFAFC	#CDCDCD	45
350	#FFFAFC	#CDCDCD	45
351	#F6BDD0	#888888	28
352	#CD1076	#000000	20
353	#FFFAFC	#CDCDCD	45
354	#FFFAFC	#CDCDCD	45
355	#FFFAFC	#CDCDCD	45
356	#FFFAFC	#CDCDCD	45
357	#FFFAFC	#CDCDCD	45
358	#FFFAFC	#CDCDCD	45
359	#FFFAFC	#CDCDCD	45
360	#FFFAFC	#CDCDCD	45
361	#FFFAFC	#CDCDCD	45
362	#FFFAFC	#CDCDCD	45
363	#CD1076	#000000	20
364	#FFFAFC	#CDCDCD	45
365	#FFFAFC	#CDCDCD	45
366	#FFFAFC	#CDCDCD	45
367	#FFFAFC	#CDCDCD	45
368	#FFFAFC	#CDCDCD	45
369	#FFFAFC	#CDCDCD	45
370	#FFFAFC	#CDCDCD	45
371	#FFFAFC	#CDCDCD	45
372	#FFFAFC	#CDCDCD	45
373	#FFFFFF	#D3D3D3	11
374	#CD1076	#000000	20
375	#FFFFFF	#D3D3D3	11
376	#FFFFFF	#D3D3D3	11
377	#FFFFFF	#D3D3D3	11
378	#FFFFFF	#D3D3D3	11
379	#FFFFFF	#D3D3D3	11
380	#FFFFFF	#D3D3D3	11
381	#FFFFFF	#D3D3D3	11
382	#FFFFFF	#D3D3D3	11
383	#FFFFFF	#D3D3D3	11
384	#FFFFFF	#D3D3D3	11
385	#CD1076	#000000	20
386	#FFFFFF	#D3D3D3	57
387	#FFFFFF	#D3D3D3	57
388	#FFFFFF	#D3D3D3	38
389	#FFFFFF	#D3D3D3	4
390	#FFFFFF	#D3D3D3	38
391	#FFFFFF	#D3D3D3	32
392	#FFFFFF	#D3D3D3	32
393	#FFFFFF	#D3D3D3	32
394	#FFFFFF	#D3D3D3	32
395	#FFFFFF	#D3D3D3	32
396	#CD1076	#000000	20
397	#CD1076	#000000	20
398	#CD1076	#000000	20
399	#FFFAFC	#CDCDCD	45
400	#FFFAFC	#CDCDCD	45
402	#F6BDD0	#888888	28
403	#CD1076	#000000	20
404	#FFFAFC	#CDCDCD	45
405	#FFFAFC	#CDCDCD	45
406	#FFFAFC	#CDCDCD	45
407	#FFFAFC	#CDCDCD	45
408	#FFFAFC	#CDCDCD	45
409	#FFFAFC	#CDCDCD	45
410	#FFFAFC	#CDCDCD	45
411	#FFFAFC	#CDCDCD	45
412	#FFFAFC	#CDCDCD	45
413	#FFFAFC	#CDCDCD	45
414	#CD1076	#000000	20
415	#FFFAFC	#CDCDCD	45
416	#FFFAFC	#CDCDCD	45
417	#FFFAFC	#CDCDCD	45
418	#FFFAFC	#CDCDCD	45
419	#FFFFFF	#D3D3D3	3
420	#FFFFFF	#D3D3D3	3
421	#FFFAFC	#CDCDCD	45
422	#FFFAFC	#CDCDCD	45
423	#FFFAFC	#CDCDCD	45
424	#FFFFFF	#D3D3D3	11
425	#CD1076	#000000	20
426	#FFFFFF	#D3D3D3	11
427	#FFFFFF	#D3D3D3	11
428	#FFFFFF	#D3D3D3	11
429	#FFFFFF	#D3D3D3	11
430	#FFFFFF	#D3D3D3	11
431	#FFFFFF	#D3D3D3	11
432	#FFFFFF	#D3D3D3	11
433	#FFFFFF	#D3D3D3	11
434	#FFFFFF	#D3D3D3	11
435	#FFFFFF	#D3D3D3	57
436	#CD1076	#000000	20
437	#FFFFFF	#D3D3D3	57
438	#FFFFFF	#D3D3D3	38
440	#FFFFFF	#D3D3D3	38
441	#FFFFFF	#D3D3D3	32
442	#FFFFFF	#D3D3D3	32
443	#FFFFFF	#D3D3D3	32
444	#FFFFFF	#D3D3D3	32
445	#FFFFFF	#D3D3D3	32
446	#CD1076	#000000	20
447	#CD1076	#000000	20
448	#FFFAFC	#CDCDCD	45
449	#FFFAFC	#CDCDCD	45
450	#FFFAFC	#CDCDCD	45
451	#F6BDD0	#888888	28
452	#CD1076	#000000	20
453	#FFFAFC	#CDCDCD	45
454	#FFFAFC	#CDCDCD	45
455	#FFFAFC	#CDCDCD	45
456	#FFFAFC	#CDCDCD	45
457	#FFFAFC	#CDCDCD	45
458	#FFFFFF	#D3D3D3	5
459	#FFFAFC	#CDCDCD	45
460	#FFFAFC	#CDCDCD	45
461	#FFFAFC	#CDCDCD	45
462	#FFFAFC	#CDCDCD	45
463	#CD1076	#000000	20
464	#FFFAFC	#CDCDCD	45
465	#FFFAFC	#CDCDCD	45
466	#FFFAFC	#CDCDCD	45
467	#FFFAFC	#CDCDCD	45
468	#FFFFFF	#D3D3D3	3
469	#FFFFFF	#D3D3D3	3
470	#FFFFFF	#D3D3D3	3
471	#FFFAFC	#CDCDCD	45
472	#FFFAFC	#CDCDCD	45
473	#FFFFFF	#D3D3D3	11
474	#CD1076	#000000	20
475	#FFFFFF	#D3D3D3	11
476	#FFFFFF	#D3D3D3	11
477	#FFFFFF	#D3D3D3	11
478	#FFFFFF	#D3D3D3	11
479	#FFFFFF	#D3D3D3	11
480	#FFFFFF	#D3D3D3	11
481	#FFFFFF	#D3D3D3	11
482	#FFFFFF	#D3D3D3	11
483	#FFFFFF	#D3D3D3	11
484	#FFFFFF	#D3D3D3	57
485	#CD1076	#000000	20
486	#FFFFFF	#D3D3D3	57
487	#FFFFFF	#D3D3D3	38
489	#FFFFFF	#D3D3D3	38
490	#FFFFFF	#D3D3D3	32
491	#FFFFFF	#D3D3D3	32
492	#FFFFFF	#D3D3D3	32
493	#FFFFFF	#D3D3D3	32
494	#FFFFFF	#D3D3D3	32
495	#FFFFFF	#D3D3D3	32
496	#CD1076	#000000	20
497	#CD1076	#000000	20
498	#FFFAFC	#CDCDCD	45
499	#FFFAFC	#CDCDCD	45
500	#FFFAFC	#CDCDCD	45
502	#F6BDD0	#888888	28
503	#CD1076	#000000	20
504	#FFFAFC	#CDCDCD	45
505	#FFFAFC	#CDCDCD	45
506	#FFFAFC	#CDCDCD	45
507	#FFFAFC	#CDCDCD	45
508	#FFFAFC	#CDCDCD	45
509	#FFFFFF	#D3D3D3	5
510	#FFFAFC	#CDCDCD	45
511	#FFFAFC	#CDCDCD	45
512	#FFFAFC	#CDCDCD	45
513	#FFFAFC	#CDCDCD	45
514	#CD1076	#000000	20
515	#FFFAFC	#CDCDCD	45
516	#FFFAFC	#CDCDCD	45
517	#FFFAFC	#CDCDCD	45
518	#FFFFFF	#D3D3D3	3
519	#FFFFFF	#D3D3D3	3
520	#FFFFFF	#D3D3D3	3
521	#FFFFFF	#D3D3D3	3
522	#FFFAFC	#CDCDCD	45
523	#FFFFFF	#D3D3D3	11
524	#FFFFFF	#D3D3D3	11
525	#CD1076	#000000	20
526	#FFFFFF	#D3D3D3	11
527	#FFFFFF	#D3D3D3	11
528	#FFFFFF	#D3D3D3	11
529	#FFFFFF	#D3D3D3	11
530	#FFFFFF	#D3D3D3	11
531	#FFFFFF	#D3D3D3	11
532	#FFFFFF	#D3D3D3	11
533	#FFFFFF	#D3D3D3	11
534	#FFFFFF	#D3D3D3	57
535	#FFFFFF	#D3D3D3	57
536	#CD1076	#000000	20
537	#FFFFFF	#D3D3D3	38
539	#FFFFFF	#D3D3D3	38
540	#FFFFFF	#D3D3D3	32
541	#FFFFFF	#D3D3D3	32
542	#FFFFFF	#D3D3D3	32
543	#FFFFFF	#D3D3D3	32
544	#FFFFFF	#D3D3D3	32
545	#FFFFFF	#D3D3D3	32
546	#CD1076	#000000	20
547	#FFFAFC	#CDCDCD	45
548	#FFFAFC	#CDCDCD	45
549	#FFFAFC	#CDCDCD	45
550	#FFFAFC	#CDCDCD	45
551	#F6BDD0	#888888	28
552	#CD1076	#000000	20
553	#FFFAFC	#CDCDCD	45
554	#FFFAFC	#CDCDCD	45
555	#FFFAFC	#CDCDCD	45
556	#FFFAFC	#CDCDCD	45
557	#FFFAFC	#CDCDCD	45
558	#FFFAFC	#CDCDCD	45
559	#FFFFFF	#D3D3D3	5
560	#FFFAFC	#CDCDCD	45
561	#FFFAFC	#CDCDCD	45
562	#FFFAFC	#CDCDCD	45
563	#CD1076	#000000	20
564	#FFFAFC	#CDCDCD	45
565	#FFFAFC	#CDCDCD	45
566	#FFFAFC	#CDCDCD	45
567	#FFFFFF	#D3D3D3	3
568	#FFFFFF	#D3D3D3	3
569	#FFFFFF	#D3D3D3	3
570	#FFFFFF	#D3D3D3	3
571	#FFFFFF	#D3D3D3	3
572	#FFFFFF	#D3D3D3	11
573	#FFFFFF	#D3D3D3	11
574	#CD1076	#000000	20
575	#FFFFFF	#D3D3D3	11
576	#FFFFFF	#D3D3D3	11
577	#FFFFFF	#D3D3D3	11
578	#FFFFFF	#D3D3D3	11
579	#FFFFFF	#D3D3D3	11
580	#FFFFFF	#D3D3D3	11
581	#FFFFFF	#D3D3D3	11
582	#FFFFFF	#D3D3D3	11
583	#FFFFFF	#D3D3D3	11
584	#FFFFFF	#D3D3D3	57
585	#CD1076	#000000	20
586	#FFFFFF	#D3D3D3	38
588	#FFFFFF	#D3D3D3	38
589	#FFFFFF	#D3D3D3	32
590	#FFFFFF	#D3D3D3	32
591	#FFFFFF	#D3D3D3	32
592	#FFFFFF	#D3D3D3	32
593	#FFFFFF	#D3D3D3	32
594	#FFFFFF	#D3D3D3	32
595	#FFFFFF	#D3D3D3	32
596	#CD1076	#000000	20
597	#FFFAFC	#CDCDCD	45
598	#FFFAFC	#CDCDCD	45
599	#FFFAFC	#CDCDCD	45
600	#FFFAFC	#CDCDCD	45
602	#F6BDD0	#888888	28
603	#CD1076	#000000	20
604	#FFFAFC	#CDCDCD	45
605	#FFFAFC	#CDCDCD	45
606	#FFFAFC	#CDCDCD	45
607	#FFFAFC	#CDCDCD	45
608	#FFFAFC	#CDCDCD	45
609	#FFFFFF	#D3D3D3	5
610	#FFFFFF	#D3D3D3	5
611	#FFFAFC	#CDCDCD	45
612	#FFFAFC	#CDCDCD	45
613	#FFFFFF	#D3D3D3	5
614	#FFFAFC	#CDCDCD	45
615	#FFFAFC	#CDCDCD	45
616	#FFFAFC	#CDCDCD	45
617	#FFFFFF	#D3D3D3	3
618	#FFFFFF	#D3D3D3	3
619	#FFFFFF	#D3D3D3	3
620	#FFFFFF	#D3D3D3	3
621	#FFFFFF	#D3D3D3	3
622	#FFFFFF	#D3D3D3	11
623	#FFFFFF	#D3D3D3	11
624	#FFFFFF	#D3D3D3	11
625	#CD1076	#000000	20
626	#FFFFFF	#D3D3D3	11
627	#FFFFFF	#D3D3D3	11
628	#FFFFFF	#D3D3D3	11
629	#FFFFFF	#D3D3D3	11
630	#FFFFFF	#D3D3D3	11
631	#FFFFFF	#D3D3D3	11
632	#FFFFFF	#D3D3D3	11
633	#FFFFFF	#D3D3D3	11
634	#FFFFFF	#D3D3D3	57
635	#FFFFFF	#D3D3D3	38
636	#CD1076	#000000	20
638	#FFFFFF	#D3D3D3	38
639	#FFFFFF	#D3D3D3	32
640	#FFFFFF	#D3D3D3	32
641	#FFFFFF	#D3D3D3	32
642	#FFFFFF	#D3D3D3	32
643	#FFFFFF	#D3D3D3	32
644	#FFFFFF	#D3D3D3	32
645	#FFFFFF	#D3D3D3	32
646	#FFFAFC	#CDCDCD	45
647	#FFFAFC	#CDCDCD	45
648	#FFFAFC	#CDCDCD	45
649	#FFFAFC	#CDCDCD	45
650	#FFFAFC	#CDCDCD	45
651	#F6BDD0	#888888	28
652	#CD1076	#000000	20
653	#FFFAFC	#CDCDCD	45
654	#FFFAFC	#CDCDCD	45
655	#FFFAFC	#CDCDCD	45
656	#FFFAFC	#CDCDCD	45
657	#FFFAFC	#CDCDCD	45
658	#FFFAFC	#CDCDCD	45
659	#FFFFFF	#D3D3D3	5
660	#FFFFFF	#D3D3D3	5
661	#FFFAFC	#CDCDCD	45
662	#FFFFFF	#D3D3D3	5
663	#FFFAFC	#CDCDCD	45
664	#FFFAFC	#CDCDCD	45
665	#FFFAFC	#CDCDCD	45
666	#FFFFFF	#D3D3D3	3
667	#FFFFFF	#D3D3D3	3
668	#FFFFFF	#D3D3D3	3
669	#FFFFFF	#D3D3D3	3
670	#FFFFFF	#D3D3D3	3
671	#FFFFFF	#D3D3D3	11
672	#FFFFFF	#D3D3D3	11
673	#FFFFFF	#D3D3D3	11
674	#FFFAFC	#CDCDCD	45
675	#FFFFFF	#D3D3D3	11
676	#FFFFFF	#D3D3D3	11
677	#FFFFFF	#D3D3D3	11
678	#FFFFFF	#D3D3D3	11
679	#FFFFFF	#D3D3D3	11
680	#FFFFFF	#D3D3D3	11
681	#FFFFFF	#D3D3D3	11
682	#FFFFFF	#D3D3D3	11
683	#FFFFFF	#D3D3D3	57
684	#FFFFFF	#D3D3D3	57
685	#CD1076	#000000	20
687	#FFFFFF	#D3D3D3	38
688	#FFFFFF	#D3D3D3	32
689	#FFFFFF	#D3D3D3	32
690	#FFFFFF	#D3D3D3	32
691	#FFFFFF	#D3D3D3	32
692	#FFFFFF	#D3D3D3	32
693	#FFFFFF	#D3D3D3	32
694	#FFFFFF	#D3D3D3	32
695	#FFFFFF	#D3D3D3	32
696	#FFFAFC	#CDCDCD	45
697	#FFFAFC	#CDCDCD	45
698	#FFFAFC	#CDCDCD	45
699	#FFFAFC	#CDCDCD	45
700	#FFFAFC	#CDCDCD	45
702	#F6BDD0	#888888	28
703	#FFFAFC	#CDCDCD	45
704	#FFFAFC	#CDCDCD	45
705	#FFFAFC	#CDCDCD	45
706	#FFFAFC	#CDCDCD	45
707	#FFFFFF	#D3D3D3	5
708	#FFFAFC	#CDCDCD	45
709	#FFFAFC	#CDCDCD	45
710	#FFFFFF	#D3D3D3	5
711	#FFFFFF	#D3D3D3	5
712	#FFFFFF	#D3D3D3	5
713	#FFFAFC	#CDCDCD	45
714	#FFFAFC	#CDCDCD	45
715	#FFFAFC	#CDCDCD	45
716	#FFFFFF	#D3D3D3	3
717	#FFFFFF	#D3D3D3	3
718	#FFFFFF	#D3D3D3	3
719	#FFFFFF	#D3D3D3	3
720	#FFFFFF	#D3D3D3	3
721	#FFFFFF	#D3D3D3	11
722	#FFFFFF	#D3D3D3	11
723	#FFFFFF	#D3D3D3	11
724	#FFFFFF	#D3D3D3	11
725	#FFFAFC	#CDCDCD	45
726	#FFFFFF	#D3D3D3	11
727	#FFFFFF	#D3D3D3	11
728	#FFFFFF	#D3D3D3	11
729	#FFFFFF	#D3D3D3	11
730	#FFFFFF	#D3D3D3	11
731	#FFFFFF	#D3D3D3	11
732	#FFFFFF	#D3D3D3	57
733	#FFFFFF	#D3D3D3	57
734	#FFFFFF	#D3D3D3	57
735	#FFFFFF	#D3D3D3	4
736	#FFFAFC	#CDCDCD	45
737	#FFFFFF	#D3D3D3	38
738	#FFFFFF	#D3D3D3	32
739	#FFFFFF	#D3D3D3	32
740	#FFFFFF	#D3D3D3	32
741	#FFFFFF	#D3D3D3	32
742	#FFFFFF	#D3D3D3	32
743	#FFFFFF	#D3D3D3	32
744	#FFFFFF	#D3D3D3	32
745	#FFFFFF	#D3D3D3	32
746	#FFFAFC	#CDCDCD	45
747	#FFFAFC	#CDCDCD	45
748	#FFFAFC	#CDCDCD	45
749	#FFFAFC	#CDCDCD	45
750	#FFFAFC	#CDCDCD	45
751	#F6BDD0	#888888	28
752	#FFFAFC	#CDCDCD	45
753	#FFFAFC	#CDCDCD	45
754	#FFFAFC	#CDCDCD	45
755	#FFFAFC	#CDCDCD	45
756	#FFFAFC	#CDCDCD	45
757	#FFFFFF	#D3D3D3	5
758	#FFFAFC	#CDCDCD	45
759	#FFFFFF	#D3D3D3	5
760	#FFFFFF	#D3D3D3	5
761	#FFFFFF	#D3D3D3	5
762	#FFFFFF	#D3D3D3	5
763	#FFFAFC	#CDCDCD	45
764	#FFFFFF	#D3D3D3	5
765	#FFFFFF	#D3D3D3	3
766	#FFFFFF	#D3D3D3	3
767	#FFFFFF	#D3D3D3	3
768	#FFFFFF	#D3D3D3	3
769	#FFFFFF	#D3D3D3	3
770	#FFFFFF	#D3D3D3	11
771	#FFFFFF	#D3D3D3	11
772	#FFFFFF	#D3D3D3	11
773	#FFFFFF	#D3D3D3	11
774	#FFFAFC	#CDCDCD	45
775	#FFFFFF	#D3D3D3	11
776	#FFFFFF	#D3D3D3	11
777	#FFFFFF	#D3D3D3	11
778	#FFFFFF	#D3D3D3	11
779	#FFFFFF	#D3D3D3	11
780	#FFFFFF	#D3D3D3	11
781	#FFFFFF	#D3D3D3	57
782	#FFFFFF	#D3D3D3	57
783	#FFFFFF	#D3D3D3	57
785	#FFFAFC	#CDCDCD	45
786	#FFFFFF	#D3D3D3	57
787	#FFFFFF	#D3D3D3	32
788	#FFFFFF	#D3D3D3	32
789	#FFFFFF	#D3D3D3	32
790	#FFFFFF	#D3D3D3	32
791	#FFFFFF	#D3D3D3	32
792	#FFFFFF	#D3D3D3	32
793	#FFFFFF	#D3D3D3	32
794	#FFFFFF	#D3D3D3	32
795	#FFFFFF	#D3D3D3	32
796	#FFFAFC	#CDCDCD	45
797	#FFFAFC	#CDCDCD	45
798	#FFFAFC	#CDCDCD	45
799	#FFFAFC	#CDCDCD	45
800	#FFFAFC	#CDCDCD	45
802	#F6BDD0	#888888	28
803	#FFFAFC	#CDCDCD	45
804	#FFFAFC	#CDCDCD	45
805	#FFFAFC	#CDCDCD	45
806	#FFFAFC	#CDCDCD	45
807	#FFFFFF	#D3D3D3	5
808	#FFFFFF	#D3D3D3	5
809	#FFFAFC	#CDCDCD	45
810	#FFFFFF	#D3D3D3	5
811	#FFFFFF	#D3D3D3	5
812	#FFFFFF	#D3D3D3	5
813	#FFFFFF	#D3D3D3	5
814	#FFFAFC	#CDCDCD	45
815	#FFFFFF	#D3D3D3	3
816	#FFFFFF	#D3D3D3	3
817	#FFFFFF	#D3D3D3	3
818	#FFFFFF	#D3D3D3	3
819	#FFFFFF	#D3D3D3	3
820	#FFFFFF	#D3D3D3	11
821	#FFFFFF	#D3D3D3	11
822	#FFFFFF	#D3D3D3	11
823	#FFFFFF	#D3D3D3	11
824	#FFFFFF	#D3D3D3	11
825	#FFFAFC	#CDCDCD	45
826	#FFFFFF	#D3D3D3	11
827	#FFFFFF	#D3D3D3	11
828	#FFFFFF	#D3D3D3	11
829	#FFFFFF	#D3D3D3	11
830	#FFFFFF	#D3D3D3	11
831	#FFFFFF	#D3D3D3	57
832	#FFFFFF	#D3D3D3	57
833	#FFFFFF	#D3D3D3	41
835	#FFFFFF	#D3D3D3	57
836	#FFFAFC	#CDCDCD	45
837	#FFFFFF	#D3D3D3	32
838	#FFFFFF	#D3D3D3	32
839	#FFFFFF	#D3D3D3	32
840	#FFFFFF	#D3D3D3	32
841	#FFFFFF	#D3D3D3	32
842	#FFFFFF	#D3D3D3	32
843	#FFFFFF	#D3D3D3	32
844	#FFFFFF	#D3D3D3	32
845	#FFFFFF	#D3D3D3	32
846	#FFFAFC	#CDCDCD	45
847	#FFFAFC	#CDCDCD	45
848	#FFFAFC	#CDCDCD	45
849	#FFFAFC	#CDCDCD	45
850	#FFFAFC	#CDCDCD	45
851	#F6BDD0	#888888	28
852	#F6BDD0	#888888	28
853	#FFFAFC	#CDCDCD	45
854	#FFFAFC	#CDCDCD	45
855	#FFFAFC	#CDCDCD	45
856	#FFFAFC	#CDCDCD	45
857	#FFFFFF	#D3D3D3	5
858	#FFFFFF	#D3D3D3	5
859	#FFFFFF	#D3D3D3	5
860	#FFFFFF	#D3D3D3	5
861	#FFFFFF	#D3D3D3	5
862	#FFFFFF	#D3D3D3	5
863	#FFFAFC	#CDCDCD	45
864	#FFFFFF	#D3D3D3	5
865	#FFFFFF	#D3D3D3	3
866	#FFFFFF	#D3D3D3	3
867	#FFFFFF	#D3D3D3	3
868	#FFFFFF	#D3D3D3	3
869	#FFFFFF	#D3D3D3	11
870	#FFFFFF	#D3D3D3	11
871	#FFFFFF	#D3D3D3	11
872	#FFFFFF	#D3D3D3	11
873	#FFFFFF	#D3D3D3	11
874	#FFFAFC	#CDCDCD	45
875	#FFFFFF	#D3D3D3	11
876	#FFFFFF	#D3D3D3	11
877	#FFFFFF	#D3D3D3	11
878	#FFFFFF	#D3D3D3	11
879	#FFFFFF	#D3D3D3	57
880	#FFFFFF	#D3D3D3	57
881	#FFFFFF	#D3D3D3	57
882	#FFFFFF	#D3D3D3	41
884	#FFFFFF	#D3D3D3	57
885	#FFFAFC	#CDCDCD	45
886	#FFFFFF	#D3D3D3	32
887	#FFFFFF	#D3D3D3	32
888	#FFFFFF	#D3D3D3	32
889	#FFFFFF	#D3D3D3	32
890	#FFFFFF	#D3D3D3	32
891	#FFFFFF	#D3D3D3	32
892	#FFFFFF	#D3D3D3	32
893	#FFFFFF	#D3D3D3	32
894	#FFFFFF	#D3D3D3	32
895	#FFFFFF	#D3D3D3	32
896	#FFFAFC	#CDCDCD	45
897	#FFFAFC	#CDCDCD	45
898	#FFFAFC	#CDCDCD	45
899	#FFFAFC	#CDCDCD	45
900	#FFFAFC	#CDCDCD	45
902	#F6BDD0	#888888	28
903	#F6BDD0	#888888	28
904	#FFFFFF	#D3D3D3	5
905	#FFFAFC	#CDCDCD	45
906	#FFFAFC	#CDCDCD	45
907	#FFFAFC	#CDCDCD	45
908	#FFFFFF	#D3D3D3	5
909	#FFFFFF	#D3D3D3	5
910	#FFFFFF	#D3D3D3	5
911	#FFFFFF	#D3D3D3	5
912	#FFFFFF	#D3D3D3	5
913	#FFFFFF	#D3D3D3	5
914	#FFFAFC	#CDCDCD	45
915	#FFFFFF	#D3D3D3	3
916	#FFFFFF	#D3D3D3	3
917	#FFFFFF	#D3D3D3	3
918	#FFFFFF	#D3D3D3	3
919	#FFFFFF	#D3D3D3	11
920	#FFFFFF	#D3D3D3	11
921	#FFFFFF	#D3D3D3	11
922	#FFFFFF	#D3D3D3	11
923	#FFFFFF	#D3D3D3	11
924	#FFFFFF	#D3D3D3	11
925	#FFFAFC	#CDCDCD	45
926	#FFFFFF	#D3D3D3	11
927	#FFFFFF	#D3D3D3	11
928	#FFFFFF	#D3D3D3	11
929	#FFFFFF	#D3D3D3	57
930	#FFFFFF	#D3D3D3	57
931	#FFFFFF	#D3D3D3	57
932	#FFFFFF	#D3D3D3	41
934	#FFFFFF	#D3D3D3	41
935	#FFFFFF	#D3D3D3	32
936	#FFFAFC	#CDCDCD	45
937	#FFFFFF	#D3D3D3	32
938	#FFFFFF	#D3D3D3	32
939	#FFFFFF	#D3D3D3	32
940	#FFFFFF	#D3D3D3	32
941	#FFFFFF	#D3D3D3	32
942	#FFFFFF	#D3D3D3	32
943	#FFFFFF	#D3D3D3	32
944	#FFFFFF	#D3D3D3	37
945	#FFFFFF	#D3D3D3	32
946	#FFFAFC	#CDCDCD	45
947	#FFFAFC	#CDCDCD	45
948	#FFFAFC	#CDCDCD	45
949	#FFFAFC	#CDCDCD	45
950	#FFFAFC	#CDCDCD	45
951	#F6BDD0	#888888	28
952	#F6BDD0	#888888	28
953	#FFFFFF	#D3D3D3	5
954	#FFFFFF	#D3D3D3	5
955	#FFFAFC	#CDCDCD	45
956	#FFFAFC	#CDCDCD	45
957	#FFFFFF	#D3D3D3	5
958	#FFFFFF	#D3D3D3	5
959	#FFFFFF	#D3D3D3	5
960	#FFFFFF	#D3D3D3	5
961	#FFFFFF	#D3D3D3	5
962	#FFFFFF	#D3D3D3	5
963	#FFFAFC	#CDCDCD	45
964	#FFFFFF	#D3D3D3	3
965	#FFFFFF	#D3D3D3	3
966	#FFFFFF	#D3D3D3	3
967	#FFFFFF	#D3D3D3	3
968	#FFFFFF	#D3D3D3	11
969	#FFFFFF	#D3D3D3	11
970	#FFFFFF	#D3D3D3	11
971	#FFFFFF	#D3D3D3	11
972	#FFFFFF	#D3D3D3	11
973	#FFFFFF	#D3D3D3	11
974	#FFFAFC	#CDCDCD	45
975	#FFFFFF	#D3D3D3	11
976	#FFFFFF	#D3D3D3	11
977	#FFFFFF	#D3D3D3	11
978	#FFFFFF	#D3D3D3	57
979	#FFFFFF	#D3D3D3	1
980	#FFFFFF	#D3D3D3	57
981	#FFFFFF	#D3D3D3	41
983	#FFFFFF	#D3D3D3	41
984	#FFFFFF	#D3D3D3	32
985	#FFFAFC	#CDCDCD	45
986	#FFFFFF	#D3D3D3	32
987	#FFFFFF	#D3D3D3	32
988	#FFFFFF	#D3D3D3	32
989	#FFFFFF	#D3D3D3	32
990	#FFFFFF	#D3D3D3	32
991	#FFFFFF	#D3D3D3	32
992	#FFFFFF	#D3D3D3	32
993	#FFFFFF	#D3D3D3	37
994	#FFFFFF	#D3D3D3	37
995	#FFFFFF	#D3D3D3	37
996	#FFFAFC	#CDCDCD	45
997	#FFFAFC	#CDCDCD	45
998	#FFFAFC	#CDCDCD	45
999	#FFFAFC	#CDCDCD	45
1000	#FFFAFC	#CDCDCD	45
1002	#F6BDD0	#888888	28
1003	#FFFFFF	#D3D3D3	55
1004	#FFFFFF	#D3D3D3	5
1005	#FFFFFF	#D3D3D3	5
1006	#FFFAFC	#CDCDCD	45
1007	#FFFAFC	#CDCDCD	45
1008	#FFFFFF	#D3D3D3	5
1009	#FFFFFF	#D3D3D3	5
1010	#FFFFFF	#D3D3D3	5
1011	#FFFFFF	#D3D3D3	5
1012	#FFFFFF	#D3D3D3	5
1013	#FFFFFF	#D3D3D3	3
1014	#FFFAFC	#CDCDCD	45
1015	#FFFFFF	#D3D3D3	3
1016	#FFFFFF	#D3D3D3	3
1017	#FFFFFF	#D3D3D3	3
1018	#FFFFFF	#D3D3D3	11
1019	#FFFFFF	#D3D3D3	11
1020	#FFFFFF	#D3D3D3	11
1021	#FFFFFF	#D3D3D3	11
1022	#FFFFFF	#D3D3D3	11
1023	#FFFFFF	#D3D3D3	11
1024	#FFFFFF	#D3D3D3	11
1025	#FFFAFC	#CDCDCD	45
1026	#FFFFFF	#D3D3D3	11
1027	#FFFFFF	#D3D3D3	11
1028	#FFFFFF	#D3D3D3	57
1029	#FFFFFF	#D3D3D3	1
1030	#FFFFFF	#D3D3D3	41
1031	#FFFFFF	#D3D3D3	41
1033	#FFFFFF	#D3D3D3	41
1034	#FFFFFF	#D3D3D3	32
1035	#FFFFFF	#D3D3D3	32
1036	#FFFAFC	#CDCDCD	45
1037	#FFFFFF	#D3D3D3	32
1038	#FFFFFF	#D3D3D3	32
1039	#FFFFFF	#D3D3D3	32
1040	#FFFFFF	#D3D3D3	32
1041	#FFFFFF	#D3D3D3	32
1042	#FFFFFF	#D3D3D3	32
1043	#FFFFFF	#D3D3D3	32
1044	#FFFFFF	#D3D3D3	37
1045	#FFFFFF	#D3D3D3	37
1046	#FFFAFC	#CDCDCD	45
1047	#FFFFFF	#D3D3D3	84
1048	#FFFAFC	#CDCDCD	45
1049	#FFFAFC	#CDCDCD	45
1050	#FFFFFF	#D3D3D3	5
1051	#F6BDD0	#888888	28
1052	#FFFFFF	#D3D3D3	55
1053	#FFFFFF	#D3D3D3	5
1054	#FFFFFF	#D3D3D3	5
1055	#FFFFFF	#D3D3D3	5
1056	#FFFAFC	#CDCDCD	45
1057	#FFFFFF	#D3D3D3	5
1058	#FFFFFF	#D3D3D3	5
1059	#FFFFFF	#D3D3D3	5
1060	#FFFFFF	#D3D3D3	5
1061	#FFFFFF	#D3D3D3	5
1062	#FFFFFF	#D3D3D3	3
1063	#FFFFFF	#D3D3D3	55
1064	#FFFFFF	#D3D3D3	3
1065	#FFFFFF	#D3D3D3	3
1066	#FFFFFF	#D3D3D3	3
1067	#FFFFFF	#D3D3D3	11
1068	#FFFFFF	#D3D3D3	11
1069	#FFFFFF	#D3D3D3	11
1070	#FFFFFF	#D3D3D3	11
1071	#FFFFFF	#D3D3D3	11
1072	#FFFFFF	#D3D3D3	11
1073	#FFFFFF	#D3D3D3	11
1074	#FFFAFC	#CDCDCD	45
1075	#FFFFFF	#D3D3D3	11
1076	#FFFFFF	#D3D3D3	11
1077	#FFFFFF	#D3D3D3	11
1078	#FFFFFF	#D3D3D3	1
1079	#FFFFFF	#D3D3D3	41
1080	#FFFFFF	#D3D3D3	41
1082	#FFFFFF	#D3D3D3	41
1083	#FFFFFF	#D3D3D3	32
1084	#FFFFFF	#D3D3D3	32
1085	#FFFAFC	#CDCDCD	45
1086	#FFFFFF	#D3D3D3	32
1087	#FFFFFF	#D3D3D3	32
1088	#FFFFFF	#D3D3D3	32
1089	#FFFFFF	#D3D3D3	32
1090	#FFFFFF	#D3D3D3	32
1091	#FFFFFF	#D3D3D3	32
1092	#FFFFFF	#D3D3D3	32
1093	#FFFFFF	#D3D3D3	32
1094	#FFFFFF	#D3D3D3	37
1095	#FFFFFF	#D3D3D3	37
1096	#FFFAFC	#CDCDCD	45
1097	#FFFFFF	#D3D3D3	84
1098	#FFFFFF	#D3D3D3	84
1099	#FFFAFC	#CDCDCD	45
1100	#FFFAFC	#CDCDCD	45
1102	#F6BDD0	#888888	28
1103	#FFFFFF	#D3D3D3	55
1104	#FFFFFF	#D3D3D3	5
1105	#FFFFFF	#D3D3D3	5
1106	#FFFFFF	#D3D3D3	5
1107	#FFFFFF	#D3D3D3	5
1108	#FFFFFF	#D3D3D3	5
1109	#FFFFFF	#D3D3D3	5
1110	#FFFFFF	#D3D3D3	5
1111	#FFFFFF	#D3D3D3	5
1112	#FFFFFF	#D3D3D3	3
1113	#FFFFFF	#D3D3D3	3
1114	#FFFAFC	#CDCDCD	45
1115	#FFFFFF	#D3D3D3	3
1116	#FFFFFF	#D3D3D3	3
1117	#FFFFFF	#D3D3D3	11
1118	#FFFFFF	#D3D3D3	11
1119	#FFFFFF	#D3D3D3	11
1120	#FFFFFF	#D3D3D3	11
1121	#FFFFFF	#D3D3D3	11
1122	#FFFFFF	#D3D3D3	11
1123	#FFFFFF	#D3D3D3	11
1124	#FFFFFF	#D3D3D3	11
1125	#FFFAFC	#CDCDCD	45
1126	#FFFFFF	#D3D3D3	11
1127	#FFFFFF	#D3D3D3	11
1128	#FFFFFF	#D3D3D3	11
1129	#FFFFFF	#D3D3D3	1
1130	#FFFFFF	#D3D3D3	41
1132	#FFFFFF	#D3D3D3	41
1133	#FFFFFF	#D3D3D3	32
1134	#FFFFFF	#D3D3D3	32
1135	#FFFFFF	#D3D3D3	32
1136	#FFFAFC	#CDCDCD	45
1137	#FFFFFF	#D3D3D3	32
1138	#FFFFFF	#D3D3D3	32
1139	#FFFFFF	#D3D3D3	32
1140	#FFFFFF	#D3D3D3	32
1141	#FFFFFF	#D3D3D3	32
1142	#FFFFFF	#D3D3D3	32
1143	#FFFFFF	#D3D3D3	32
1144	#FFFFFF	#D3D3D3	32
1145	#FFFFFF	#D3D3D3	37
1146	#FFFFFF	#D3D3D3	84
1147	#FFFFFF	#D3D3D3	84
1148	#FFFFFF	#D3D3D3	84
1149	#FFFAFC	#CDCDCD	45
1150	#FFFFFF	#D3D3D3	5
1151	#CD1076	#000000	13
1152	#CD1076	#000000	13
1153	#CD1076	#000000	12
1154	#CD1076	#000000	12
1155	#CD1076	#000000	12
1156	#CD1076	#000000	12
1157	#CD1076	#000000	20
1158	#CD1076	#000000	20
1159	#FFFFFF	#D3D3D3	11
1160	#FFFFFF	#D3D3D3	11
1161	#FFFFFF	#D3D3D3	11
1162	#FFFFFF	#D3D3D3	11
1163	#CD1076	#000000	34
1164	#FFFFFF	#D3D3D3	11
1165	#FFFFFF	#D3D3D3	11
1166	#FFFEFF	#D2D2D2	14
1167	#FFFFFF	#D3D3D3	11
1168	#FFFEFF	#D2D2D2	14
1169	#FFFEFF	#D2D2D2	14
1170	#FFFEFF	#D2D2D2	14
1171	#FFFFFF	#D3D3D3	82
1172	#FFFFFF	#D3D3D3	82
1173	#FFFFFF	#D3D3D3	82
1174	#CD1076	#000000	34
1175	#FFFFFF	#D3D3D3	82
1176	#FFFFFF	#D3D3D3	82
1177	#FFFFFF	#D3D3D3	82
1178	#FFFEFF	#D2D2D2	14
1179	#FFFEFF	#D2D2D2	14
1180	#FFFFFF	#D3D3D3	18
1181	#FFFFFF	#D3D3D3	11
1182	#FFFFFF	#D3D3D3	11
1183	#FFFFFF	#D3D3D3	11
1184	#FFFFFF	#D3D3D3	11
1185	#CD1076	#000000	34
1186	#FFFFFF	#D3D3D3	11
1187	#FFFFFF	#D3D3D3	11
1188	#FFFFFF	#D3D3D3	11
1189	#FFFFFF	#D3D3D3	11
1190	#FFFFFF	#D3D3D3	11
1191	#FFFFFF	#D3D3D3	11
1192	#FFFFFF	#D3D3D3	11
1193	#FFFFFF	#D3D3D3	19
1196	#CD1076	#000000	40
1197	#CD1076	#000000	40
1198	#CD1076	#000000	40
1199	#CD1076	#000000	40
1200	#CD1076	#000000	40
1202	#CD1076	#000000	13
1203	#CD1076	#000000	13
1204	#CD1076	#000000	12
1205	#CD1076	#000000	12
1206	#CD1076	#000000	12
1207	#CD1076	#000000	20
1208	#CD1076	#000000	20
1209	#CD1076	#000000	20
1210	#FFFFFF	#D3D3D3	11
1211	#FFFFFF	#D3D3D3	11
1212	#FFFFFF	#D3D3D3	11
1213	#FFFFFF	#D3D3D3	11
1214	#CD1076	#000000	34
1215	#FFFFFF	#D3D3D3	11
1216	#FFFFFF	#D3D3D3	11
1217	#FFFFFF	#D3D3D3	11
1218	#FFFFFF	#D3D3D3	11
1219	#FFFEFF	#D2D2D2	14
1220	#FFFEFF	#D2D2D2	14
1221	#FFFFFF	#D3D3D3	82
1222	#FFFFFF	#D3D3D3	82
1223	#FFFFFF	#D3D3D3	82
1224	#FFFFFF	#D3D3D3	82
1225	#CD1076	#000000	34
1226	#FFFFFF	#D3D3D3	82
1227	#FFFFFF	#D3D3D3	82
1228	#FFFFFF	#D3D3D3	82
1229	#FFFEFF	#D2D2D2	14
1230	#FFFFFF	#D3D3D3	18
1231	#FFFFFF	#D3D3D3	18
1232	#FFFFFF	#D3D3D3	11
1233	#FFFFFF	#D3D3D3	11
1234	#FFFFFF	#D3D3D3	11
1235	#FFFFFF	#D3D3D3	11
1236	#CD1076	#000000	34
1237	#FFFFFF	#D3D3D3	11
1238	#FFFFFF	#D3D3D3	11
1239	#FFFFFF	#D3D3D3	11
1240	#FFFFFF	#D3D3D3	11
1241	#FFFFFF	#D3D3D3	11
1242	#FFFFFF	#D3D3D3	11
1243	#FFFFFF	#D3D3D3	11
1244	#FFFFFF	#D3D3D3	19
1246	#CD1076	#000000	40
1247	#CD1076	#000000	40
1248	#CD1076	#000000	40
1249	#CD1076	#000000	40
1250	#CD1076	#000000	12
1251	#F6BDD0	#888888	28
1252	#FFFFFF	#D3D3D3	55
1253	#FFFFFF	#D3D3D3	5
1254	#FFFFFF	#D3D3D3	5
1255	#FFFFFF	#D3D3D3	5
1256	#FFFFFF	#D3D3D3	5
1257	#FFFFFF	#D3D3D3	5
1258	#FFFFFF	#D3D3D3	5
1259	#FFFFFF	#D3D3D3	5
1260	#FFFFFF	#D3D3D3	5
1261	#FFFFFF	#D3D3D3	3
1262	#FFFFFF	#D3D3D3	3
1263	#FFFAFC	#CDCDCD	45
1264	#FFFFFF	#D3D3D3	3
1265	#FFFFFF	#D3D3D3	3
1266	#FFFFFF	#D3D3D3	11
1267	#FFFFFF	#D3D3D3	11
1268	#FFFFFF	#D3D3D3	11
1269	#FFFFFF	#D3D3D3	11
1270	#FFFFFF	#D3D3D3	11
1271	#FFFFFF	#D3D3D3	11
1272	#FFFFFF	#D3D3D3	11
1273	#FFFFFF	#D3D3D3	11
1274	#FFFAFC	#CDCDCD	45
1275	#FFFFFF	#D3D3D3	11
1276	#FFFFFF	#D3D3D3	11
1277	#FFFFFF	#D3D3D3	11
1278	#FFFFFF	#D3D3D3	1
1279	#FFFFFF	#D3D3D3	41
1281	#FFFFFF	#D3D3D3	41
1282	#FFFFFF	#D3D3D3	32
1283	#FFFFFF	#D3D3D3	32
1284	#FFFFFF	#D3D3D3	32
1285	#FFFAFC	#CDCDCD	45
1286	#FFFFFF	#D3D3D3	32
1287	#FFFFFF	#D3D3D3	32
1288	#FFFFFF	#D3D3D3	32
1289	#FFFFFF	#D3D3D3	32
1290	#FFFFFF	#D3D3D3	32
1291	#FFFFFF	#D3D3D3	32
1292	#FFFFFF	#D3D3D3	32
1293	#FFFFFF	#D3D3D3	32
1294	#FFFFFF	#D3D3D3	32
1295	#FFFFFF	#D3D3D3	37
1296	#FFFAFC	#CDCDCD	45
1297	#FFFFFF	#D3D3D3	84
1298	#FFFFFF	#D3D3D3	84
1299	#FFFFFF	#D3D3D3	84
1300	#FFFFFF	#D3D3D3	5
1302	#F6BDD0	#888888	28
1303	#FFFFFF	#D3D3D3	55
1304	#FFFFFF	#D3D3D3	5
1305	#FFFFFF	#D3D3D3	5
1306	#FFFFFF	#D3D3D3	5
1307	#FFFFFF	#D3D3D3	5
1308	#FFFFFF	#D3D3D3	5
1309	#FFFFFF	#D3D3D3	5
1310	#FFFFFF	#D3D3D3	5
1311	#FFFFFF	#D3D3D3	3
1312	#FFFFFF	#D3D3D3	3
1313	#FFFFFF	#D3D3D3	3
1314	#FFFAFC	#CDCDCD	45
1315	#FFFFFF	#D3D3D3	3
1316	#FFFFFF	#D3D3D3	11
1317	#FFFFFF	#D3D3D3	11
1318	#FFFFFF	#D3D3D3	11
1319	#FFFFFF	#D3D3D3	11
1320	#FFFFFF	#D3D3D3	11
1321	#FFFFFF	#D3D3D3	11
1322	#FFFFFF	#D3D3D3	11
1323	#FFFFFF	#D3D3D3	11
1324	#FFFFFF	#D3D3D3	11
1325	#FFFAFC	#CDCDCD	45
1326	#FFFFFF	#D3D3D3	11
1327	#FFFFFF	#D3D3D3	11
1328	#FFFFFF	#D3D3D3	11
1329	#FFFFFF	#D3D3D3	1
1331	#FFFFFF	#D3D3D3	41
1332	#FFFFFF	#D3D3D3	32
1333	#FFFFFF	#D3D3D3	32
1334	#FFFFFF	#D3D3D3	32
1335	#FFFFFF	#D3D3D3	32
1336	#FFFAFC	#CDCDCD	45
1337	#FFFFFF	#D3D3D3	32
1338	#FFFFFF	#D3D3D3	32
1339	#FFFFFF	#D3D3D3	32
1340	#FFFFFF	#D3D3D3	32
1341	#FFFFFF	#D3D3D3	32
1342	#FFFFFF	#D3D3D3	32
1343	#FFFFFF	#D3D3D3	32
1344	#FFFFFF	#D3D3D3	32
1345	#FFFFFF	#D3D3D3	32
1346	#FFFAFC	#CDCDCD	45
1347	#FFFFFF	#D3D3D3	84
1348	#FFFFFF	#D3D3D3	84
1349	#FFFFFF	#D3D3D3	84
1350	#FFFFFF	#D3D3D3	5
1351	#F6BDD0	#888888	28
1352	#FFFFFF	#D3D3D3	55
1353	#FFFFFF	#D3D3D3	5
1354	#FFFFFF	#D3D3D3	5
1355	#FFFFFF	#D3D3D3	5
1356	#FFFFFF	#D3D3D3	5
1357	#FFFFFF	#D3D3D3	5
1358	#FFFFFF	#D3D3D3	5
1359	#FFFFFF	#D3D3D3	3
1360	#FFFFFF	#D3D3D3	3
1361	#FFFFFF	#D3D3D3	3
1362	#FFFFFF	#D3D3D3	3
1363	#FFFFFF	#D3D3D3	55
1364	#FFFFFF	#D3D3D3	3
1365	#FFFFFF	#D3D3D3	11
1366	#FFFFFF	#D3D3D3	11
1367	#FFFFFF	#D3D3D3	11
1368	#FFFFFF	#D3D3D3	11
1369	#FFFFFF	#D3D3D3	11
1370	#FFFFFF	#D3D3D3	11
1371	#FFFFFF	#D3D3D3	11
1372	#FFFFFF	#D3D3D3	11
1373	#FFFFFF	#D3D3D3	11
1374	#FFFAFC	#CDCDCD	45
1375	#FFFFFF	#D3D3D3	11
1376	#FFFFFF	#D3D3D3	11
1377	#FFFFFF	#D3D3D3	11
1378	#FFFFFF	#D3D3D3	1
1379	#FFFFFF	#D3D3D3	4
1380	#FFFFFF	#D3D3D3	41
1381	#FFFFFF	#D3D3D3	32
1382	#FFFFFF	#D3D3D3	32
1383	#FFFFFF	#D3D3D3	32
1384	#FFFFFF	#D3D3D3	32
1385	#FFFAFC	#CDCDCD	45
1386	#FFFFFF	#D3D3D3	32
1387	#FFFFFF	#D3D3D3	32
1388	#FFFFFF	#D3D3D3	32
1389	#FFFFFF	#D3D3D3	32
1390	#FFFFFF	#D3D3D3	32
1391	#FFFFFF	#D3D3D3	32
1392	#FFFFFF	#D3D3D3	32
1393	#FFFFFF	#D3D3D3	32
1394	#FFFFFF	#D3D3D3	32
1395	#FFFFFF	#D3D3D3	37
1396	#FFFAFC	#CDCDCD	45
1397	#FFFAFC	#CDCDCD	45
1398	#FFFFFF	#D3D3D3	84
1399	#FFFFFF	#D3D3D3	84
1400	#FFFFFF	#D3D3D3	84
1402	#F6BDD0	#888888	28
1403	#FFFFFF	#D3D3D3	55
1404	#FFFFFF	#D3D3D3	5
1405	#FFFFFF	#D3D3D3	5
1406	#FFFFFF	#D3D3D3	5
1407	#FFFFFF	#D3D3D3	5
1408	#FFFFFF	#D3D3D3	5
1409	#FFFFFF	#D3D3D3	5
1410	#FFFFFF	#D3D3D3	3
1411	#FFFFFF	#D3D3D3	3
1412	#FFFFFF	#D3D3D3	3
1413	#FFFFFF	#D3D3D3	3
1414	#FFFFFF	#D3D3D3	55
1415	#FFFFFF	#D3D3D3	5
1416	#FFFFFF	#D3D3D3	11
1417	#FFFFFF	#D3D3D3	11
1418	#FFFFFF	#D3D3D3	11
1419	#FFFFFF	#D3D3D3	11
1420	#FFFFFF	#D3D3D3	11
1421	#FFFFFF	#D3D3D3	11
1422	#FFFFFF	#D3D3D3	11
1423	#FFFFFF	#D3D3D3	11
1424	#FFFFFF	#D3D3D3	11
1425	#FFFAFC	#CDCDCD	45
1426	#FFFFFF	#D3D3D3	11
1427	#FFFFFF	#D3D3D3	42
1428	#FFFFFF	#D3D3D3	1
1429	#FFFFFF	#D3D3D3	4
1430	#FFFFFF	#D3D3D3	1
1431	#FFFFFF	#D3D3D3	32
1432	#FFFFFF	#D3D3D3	32
1433	#FFFFFF	#D3D3D3	32
1434	#FFFFFF	#D3D3D3	32
1435	#FFFFFF	#D3D3D3	32
1436	#FFFAFC	#CDCDCD	45
1437	#FFFFFF	#D3D3D3	32
1438	#FFFFFF	#D3D3D3	32
1439	#FFFFFF	#D3D3D3	32
1440	#FFFFFF	#D3D3D3	32
1441	#FFFFFF	#D3D3D3	32
1442	#FFFFFF	#D3D3D3	32
1443	#FFFFFF	#D3D3D3	32
1444	#FFFFFF	#D3D3D3	32
1445	#FFFFFF	#D3D3D3	37
1446	#FFFAFC	#CDCDCD	45
1447	#FFFFFF	#D3D3D3	84
1448	#FFFFFF	#D3D3D3	84
1449	#FFFFFF	#D3D3D3	84
1450	#FFFFFF	#D3D3D3	84
1451	#F6BDD0	#888888	28
1452	#FFFFFF	#D3D3D3	55
1453	#FFFFFF	#D3D3D3	84
1454	#FFFFFF	#D3D3D3	5
1455	#FFFFFF	#D3D3D3	5
1456	#FFFFFF	#D3D3D3	5
1457	#FFFFFF	#D3D3D3	5
1458	#FFFFFF	#D3D3D3	5
1459	#FFFFFF	#D3D3D3	3
1460	#FFFFFF	#D3D3D3	3
1461	#FFFFFF	#D3D3D3	3
1462	#FFFFFF	#D3D3D3	3
1463	#FFFFFF	#D3D3D3	55
1464	#FFFFFF	#D3D3D3	5
1465	#FFFFFF	#D3D3D3	5
1466	#FFFFFF	#D3D3D3	11
1467	#FFFFFF	#D3D3D3	11
1468	#FFFFFF	#D3D3D3	11
1469	#FFFFFF	#D3D3D3	11
1470	#FFFFFF	#D3D3D3	11
1471	#FFFFFF	#D3D3D3	11
1472	#FFFFFF	#D3D3D3	11
1473	#FFFFFF	#D3D3D3	11
1474	#FFFAFC	#CDCDCD	45
1475	#FFFFFF	#D3D3D3	11
1476	#FFFFFF	#D3D3D3	42
1477	#FFFFFF	#D3D3D3	1
1478	#FFFFFF	#D3D3D3	4
1479	#FFFFFF	#D3D3D3	1
1480	#FFFFFF	#D3D3D3	32
1481	#FFFFFF	#D3D3D3	32
1482	#FFFFFF	#D3D3D3	32
1483	#FFFFFF	#D3D3D3	85
1484	#FFFFFF	#D3D3D3	85
1485	#FFFAFC	#CDCDCD	45
1486	#FFFFFF	#D3D3D3	32
1487	#FFFFFF	#D3D3D3	32
1488	#FFFFFF	#D3D3D3	32
1489	#FFFFFF	#D3D3D3	32
1490	#FFFFFF	#D3D3D3	32
1491	#FFFFFF	#D3D3D3	32
1492	#FFFFFF	#D3D3D3	32
1493	#FFFFFF	#D3D3D3	32
1494	#FFFFFF	#D3D3D3	32
1495	#FFFFFF	#D3D3D3	32
1496	#FFFAFC	#CDCDCD	45
1497	#FFFAFC	#CDCDCD	45
1498	#FFFFFF	#D3D3D3	84
1499	#FFFFFF	#D3D3D3	84
1500	#FFFFFF	#D3D3D3	84
1502	#F6BDD0	#888888	28
1503	#FFFFFF	#D3D3D3	55
1504	#FFFFFF	#D3D3D3	84
1505	#FFFFFF	#D3D3D3	5
1506	#FFFFFF	#D3D3D3	5
1507	#FFFFFF	#D3D3D3	5
1508	#FFFFFF	#D3D3D3	5
1509	#FFFFFF	#D3D3D3	5
1510	#FFFFFF	#D3D3D3	3
1511	#FFFFFF	#D3D3D3	3
1512	#FFFFFF	#D3D3D3	3
1513	#FFFFFF	#D3D3D3	5
1514	#FFFAFC	#CDCDCD	45
1515	#FFFFFF	#D3D3D3	5
1516	#FFFFFF	#D3D3D3	11
1517	#FFFFFF	#D3D3D3	11
1518	#FFFFFF	#D3D3D3	11
1519	#FFFFFF	#D3D3D3	11
1520	#FFFFFF	#D3D3D3	11
1521	#FFFFFF	#D3D3D3	11
1522	#FFFFFF	#D3D3D3	11
1523	#FFFFFF	#D3D3D3	11
1524	#FFFFFF	#D3D3D3	11
1525	#FFFAFC	#CDCDCD	45
1526	#FFFFFF	#D3D3D3	42
1527	#FFFFFF	#D3D3D3	1
1529	#FFFFFF	#D3D3D3	1
1530	#FFFFFF	#D3D3D3	32
1531	#FFFFFF	#D3D3D3	32
1532	#FFFFFF	#D3D3D3	32
1533	#FFFFFF	#D3D3D3	85
1534	#FFFFFF	#D3D3D3	85
1535	#FFFFFF	#D3D3D3	85
1536	#FFFAFC	#CDCDCD	45
1537	#FFFFFF	#D3D3D3	32
1538	#FFFFFF	#D3D3D3	32
1539	#FFFFFF	#D3D3D3	32
1540	#FFFFFF	#D3D3D3	32
1541	#FFFFFF	#D3D3D3	32
1542	#FFFFFF	#D3D3D3	32
1543	#FFFFFF	#D3D3D3	32
1544	#FFFFFF	#D3D3D3	32
1545	#FFFFFF	#D3D3D3	32
1546	#FFFAFC	#CDCDCD	45
1547	#FFFFFF	#D3D3D3	5
1548	#FFFFFF	#D3D3D3	84
1549	#FFFFFF	#D3D3D3	84
1550	#FFFFFF	#D3D3D3	84
1551	#F6BDD0	#888888	28
1552	#FFFFFF	#D3D3D3	55
1553	#FFFFFF	#D3D3D3	84
1554	#FFFFFF	#D3D3D3	84
1555	#FFFFFF	#D3D3D3	5
1556	#FFFFFF	#D3D3D3	5
1557	#FFFFFF	#D3D3D3	5
1558	#FFFFFF	#D3D3D3	5
1559	#FFFFFF	#D3D3D3	5
1560	#FFFFFF	#D3D3D3	3
1561	#FFFFFF	#D3D3D3	3
1562	#FFFFFF	#D3D3D3	5
1563	#FFFFFF	#D3D3D3	55
1564	#FFFFFF	#D3D3D3	5
1565	#FFFFFF	#D3D3D3	5
1566	#FFFFFF	#D3D3D3	11
1567	#FFFFFF	#D3D3D3	11
1568	#FFFFFF	#D3D3D3	11
1569	#FFFFFF	#D3D3D3	11
1570	#FFFFFF	#D3D3D3	11
1571	#FFFFFF	#D3D3D3	11
1572	#FFFFFF	#D3D3D3	11
1573	#FFFFFF	#D3D3D3	11
1574	#FFFAFC	#CDCDCD	45
1575	#FFFFFF	#D3D3D3	42
1576	#FFFFFF	#D3D3D3	1
1578	#FFFFFF	#D3D3D3	1
1579	#FFFFFF	#D3D3D3	32
1580	#FFFFFF	#D3D3D3	32
1581	#FFFFFF	#D3D3D3	32
1582	#FFFFFF	#D3D3D3	85
1583	#FFFFFF	#D3D3D3	85
1584	#FFFFFF	#D3D3D3	85
1585	#FFFAFC	#CDCDCD	45
1586	#FFFFFF	#D3D3D3	32
1587	#FFFFFF	#D3D3D3	32
1588	#FFFFFF	#D3D3D3	32
1589	#FFFFFF	#D3D3D3	32
1590	#FFFFFF	#D3D3D3	32
1591	#FFFFFF	#D3D3D3	32
1592	#FFFFFF	#D3D3D3	32
1593	#FFFFFF	#D3D3D3	32
1594	#FFFFFF	#D3D3D3	32
1595	#FFFFFF	#D3D3D3	32
1596	#FFFAFC	#CDCDCD	45
1597	#FFFAFC	#CDCDCD	45
1598	#FFFFFF	#D3D3D3	5
1599	#FFFFFF	#D3D3D3	84
1600	#FFFFFF	#D3D3D3	84
1602	#F6BDD0	#888888	28
1603	#FFFFFF	#D3D3D3	55
1604	#FFFFFF	#D3D3D3	84
1605	#FFFFFF	#D3D3D3	84
1606	#FFFFFF	#D3D3D3	5
1607	#FFFFFF	#D3D3D3	5
1608	#FFFFFF	#D3D3D3	5
1609	#FFFFFF	#D3D3D3	5
1610	#FFFFFF	#D3D3D3	5
1611	#FFFFFF	#D3D3D3	3
1612	#FFFFFF	#D3D3D3	5
1613	#FFFFFF	#D3D3D3	5
1614	#FFFFFF	#D3D3D3	55
1615	#FFFFFF	#D3D3D3	5
1616	#FFFFFF	#D3D3D3	5
1617	#FFFFFF	#D3D3D3	11
1618	#FFFFFF	#D3D3D3	11
1619	#FFFFFF	#D3D3D3	11
1620	#FFFFFF	#D3D3D3	11
1621	#FFFFFF	#D3D3D3	11
1622	#FFFFFF	#D3D3D3	11
1623	#FFFFFF	#D3D3D3	11
1624	#FFFFFF	#D3D3D3	42
1625	#FFFAFC	#CDCDCD	45
1626	#FFFFFF	#D3D3D3	1
1628	#FFFFFF	#D3D3D3	1
1629	#FFFFFF	#D3D3D3	32
1630	#FFFFFF	#D3D3D3	32
1631	#FFFFFF	#D3D3D3	32
1632	#FFFFFF	#D3D3D3	32
1633	#FFFFFF	#D3D3D3	85
1634	#FFFFFF	#D3D3D3	85
1635	#FFFFFF	#D3D3D3	85
1636	#FFFAFC	#CDCDCD	45
1637	#FFFFFF	#D3D3D3	32
1638	#FFFFFF	#D3D3D3	32
1639	#FFFFFF	#D3D3D3	32
1640	#FFFFFF	#D3D3D3	32
1641	#FFFFFF	#D3D3D3	32
1642	#FFFFFF	#D3D3D3	32
1643	#FFFFFF	#D3D3D3	32
1644	#FFFFFF	#D3D3D3	32
1645	#FFFFFF	#D3D3D3	32
1646	#FFFAFC	#CDCDCD	45
1647	#FFFAFC	#CDCDCD	45
1648	#FFFFFF	#D3D3D3	5
1649	#FFFFFF	#D3D3D3	84
1650	#FFFFFF	#D3D3D3	84
1651	#F6BDD0	#888888	28
1652	#FFFFFF	#D3D3D3	55
1653	#FFFFFF	#D3D3D3	84
1654	#FFFFFF	#D3D3D3	84
1655	#FFFFFF	#D3D3D3	84
1656	#FFFFFF	#D3D3D3	5
1657	#FFFFFF	#D3D3D3	5
1658	#FFFFFF	#D3D3D3	5
1659	#FFFFFF	#D3D3D3	5
1660	#FFFFFF	#D3D3D3	5
1661	#FFFFFF	#D3D3D3	5
1662	#FFFFFF	#D3D3D3	5
1663	#FFFFFF	#D3D3D3	55
1664	#FFFFFF	#D3D3D3	5
1665	#FFFFFF	#D3D3D3	5
1666	#FFFFFF	#D3D3D3	11
1667	#FFFFFF	#D3D3D3	11
1668	#FFFFFF	#D3D3D3	11
1669	#FFFFFF	#D3D3D3	11
1670	#FFFFFF	#D3D3D3	11
1671	#FFFFFF	#D3D3D3	11
1672	#FFFFFF	#D3D3D3	42
1673	#FFFFFF	#D3D3D3	42
1674	#FFFFFF	#D3D3D3	55
1675	#FFFFFF	#D3D3D3	1
1677	#FFFFFF	#D3D3D3	1
1678	#FFFFFF	#D3D3D3	32
1679	#FFFFFF	#D3D3D3	32
1680	#FFFFFF	#D3D3D3	32
1681	#FFFFFF	#D3D3D3	32
1682	#FFFFFF	#D3D3D3	32
1683	#FFFFFF	#D3D3D3	85
1684	#FFFFFF	#D3D3D3	85
1685	#FFFAFC	#CDCDCD	45
1686	#FFFFFF	#D3D3D3	32
1687	#FFFFFF	#D3D3D3	32
1688	#FFFFFF	#D3D3D3	32
1689	#FFFFFF	#D3D3D3	32
1690	#FFFFFF	#D3D3D3	32
1691	#FFFFFF	#D3D3D3	32
1692	#FFFFFF	#D3D3D3	32
1693	#FFFFFF	#D3D3D3	32
1694	#FFFFFF	#D3D3D3	32
1695	#FFFFFF	#D3D3D3	32
1696	#FFFAFC	#CDCDCD	45
1697	#FFFAFC	#CDCDCD	45
1698	#FFFAFC	#CDCDCD	45
1699	#FFFFFF	#D3D3D3	5
1700	#FFFFFF	#D3D3D3	84
1702	#F6BDD0	#888888	28
1703	#FFFFFF	#D3D3D3	55
1704	#FFFFFF	#D3D3D3	84
1705	#FFFFFF	#D3D3D3	84
1706	#FFFFFF	#D3D3D3	5
1707	#FFFFFF	#D3D3D3	5
1708	#FFFFFF	#D3D3D3	5
1709	#FFFFFF	#D3D3D3	5
1710	#FFFFFF	#D3D3D3	5
1711	#FFFFFF	#D3D3D3	5
1712	#FFFFFF	#D3D3D3	5
1713	#FFFFFF	#D3D3D3	5
1714	#FFFFFF	#D3D3D3	55
1715	#FFFFFF	#D3D3D3	5
1716	#FFFFFF	#D3D3D3	5
1717	#FFFFFF	#D3D3D3	11
1718	#FFFFFF	#D3D3D3	11
1719	#FFFFFF	#D3D3D3	11
1720	#FFFFFF	#D3D3D3	11
1721	#FFFFFF	#D3D3D3	11
1722	#FFFFFF	#D3D3D3	42
1723	#FFFFFF	#D3D3D3	42
1724	#FFFFFF	#D3D3D3	1
1725	#FFFAFC	#CDCDCD	45
1727	#FFFFFF	#D3D3D3	1
1728	#FFFFFF	#D3D3D3	32
1729	#FFFFFF	#D3D3D3	32
1730	#FFFFFF	#D3D3D3	32
1731	#FFFFFF	#D3D3D3	32
1732	#FFFFFF	#D3D3D3	32
1733	#FFFFFF	#D3D3D3	32
1734	#FFFFFF	#D3D3D3	85
1735	#FFFFFF	#D3D3D3	32
1736	#FFFAFC	#CDCDCD	45
1737	#FFFFFF	#D3D3D3	32
1738	#FFFFFF	#D3D3D3	32
1739	#FFFFFF	#D3D3D3	32
1740	#FFFFFF	#D3D3D3	32
1741	#FFFFFF	#D3D3D3	32
1742	#FFFFFF	#D3D3D3	32
1743	#FFFFFF	#D3D3D3	32
1744	#FFFFFF	#D3D3D3	32
1745	#FFFFFF	#D3D3D3	32
1746	#FFFAFC	#CDCDCD	45
1747	#FFFAFC	#CDCDCD	45
1748	#FFFAFC	#CDCDCD	45
1749	#FFFFFF	#D3D3D3	5
1750	#FFFFFF	#D3D3D3	84
1751	#F6BDD0	#888888	28
1752	#F6BDD0	#888888	28
1753	#FFFFFF	#D3D3D3	84
1754	#FFFFFF	#D3D3D3	84
1755	#FFFFFF	#D3D3D3	5
1756	#FFFFFF	#D3D3D3	5
1757	#FFFFFF	#D3D3D3	5
1758	#FFFFFF	#D3D3D3	5
1759	#FFFFFF	#D3D3D3	5
1760	#FFFFFF	#D3D3D3	5
1761	#FFFFFF	#D3D3D3	5
1762	#FFFFFF	#D3D3D3	5
1763	#FFFFFF	#D3D3D3	55
1764	#FFFFFF	#D3D3D3	5
1765	#FFFFFF	#D3D3D3	5
1766	#FFFFFF	#D3D3D3	11
1767	#FFFFFF	#D3D3D3	5
1768	#FFFFFF	#D3D3D3	11
1769	#FFFFFF	#D3D3D3	11
1770	#FFFFFF	#D3D3D3	11
1771	#FFFFFF	#D3D3D3	42
1772	#FFFFFF	#D3D3D3	42
1773	#FFFFFF	#D3D3D3	1
1774	#FFFAFC	#CDCDCD	45
1775	#FFFFFF	#D3D3D3	4
1776	#FFFFFF	#D3D3D3	1
1777	#FFFFFF	#D3D3D3	32
1778	#FFFFFF	#D3D3D3	32
1779	#FFFFFF	#D3D3D3	32
1780	#FFFFFF	#D3D3D3	32
1781	#FFFFFF	#D3D3D3	32
1782	#FFFFFF	#D3D3D3	32
1783	#FFFFFF	#D3D3D3	32
1784	#FFFFFF	#D3D3D3	32
1785	#FFFAFC	#CDCDCD	45
1786	#FFFFFF	#D3D3D3	32
1787	#FFFFFF	#D3D3D3	32
1788	#FFFFFF	#D3D3D3	32
1789	#FFFFFF	#D3D3D3	32
1790	#FFFFFF	#D3D3D3	32
1791	#FFFFFF	#D3D3D3	32
1792	#FFFFFF	#D3D3D3	32
1793	#FFFFFF	#D3D3D3	32
1794	#FFFFFF	#D3D3D3	32
1795	#FFFFFF	#D3D3D3	32
1796	#FFFAFC	#CDCDCD	45
1797	#FFFAFC	#CDCDCD	45
1798	#FFFAFC	#CDCDCD	45
1799	#FFFAFC	#CDCDCD	45
1800	#FFFFFF	#D3D3D3	5
1802	#F6BDD0	#888888	28
1803	#FFFFFF	#D3D3D3	55
1804	#FFFFFF	#D3D3D3	84
1805	#FFFFFF	#D3D3D3	5
1806	#FFFFFF	#D3D3D3	5
1807	#FFFFFF	#D3D3D3	5
1808	#FFFFFF	#D3D3D3	5
1809	#FFFFFF	#D3D3D3	5
1810	#FFFFFF	#D3D3D3	5
1811	#FFFFFF	#D3D3D3	5
1812	#FFFFFF	#D3D3D3	5
1813	#FFFFFF	#D3D3D3	5
1814	#FFFFFF	#D3D3D3	55
1815	#FFFFFF	#D3D3D3	5
1816	#FFFFFF	#D3D3D3	11
1817	#FFFFFF	#D3D3D3	11
1818	#FFFFFF	#D3D3D3	5
1819	#FFFFFF	#D3D3D3	5
1820	#FFFFFF	#D3D3D3	11
1821	#FFFFFF	#D3D3D3	42
1822	#FFFFFF	#D3D3D3	42
1823	#FFFFFF	#D3D3D3	1
1825	#FFFAFC	#CDCDCD	45
1826	#FFFFFF	#D3D3D3	1
1827	#FFFFFF	#D3D3D3	32
1828	#FFFFFF	#D3D3D3	32
1829	#FFFFFF	#D3D3D3	32
1830	#FFFFFF	#D3D3D3	32
1831	#FFFFFF	#D3D3D3	32
1832	#FFFFFF	#D3D3D3	32
1833	#FFFFFF	#D3D3D3	32
1834	#FFFFFF	#D3D3D3	32
1835	#FFFFFF	#D3D3D3	32
1836	#FFFAFC	#CDCDCD	45
1837	#FFFFFF	#D3D3D3	32
1838	#FFFFFF	#D3D3D3	32
1839	#FFFFFF	#D3D3D3	32
1840	#FFFFFF	#D3D3D3	32
1841	#FFFFFF	#D3D3D3	32
1842	#FFFFFF	#D3D3D3	32
1843	#FFFFFF	#D3D3D3	32
1844	#FFFFFF	#D3D3D3	32
1845	#FFFFFF	#D3D3D3	32
1846	#FFFAFC	#CDCDCD	45
1847	#FFFAFC	#CDCDCD	45
1848	#FFFAFC	#CDCDCD	45
1849	#FFFAFC	#CDCDCD	45
1850	#FFFFFF	#D3D3D3	5
1851	#F6BDD0	#888888	28
1852	#FFFFFF	#D3D3D3	55
1853	#FFFFFF	#D3D3D3	5
1854	#FFFFFF	#D3D3D3	5
1855	#FFFFFF	#D3D3D3	5
1856	#FFFFFF	#D3D3D3	5
1857	#FFFFFF	#D3D3D3	5
1858	#FFFFFF	#D3D3D3	5
1859	#FFFFFF	#D3D3D3	5
1860	#FFFFFF	#D3D3D3	5
1861	#FFFFFF	#D3D3D3	5
1862	#FFFFFF	#D3D3D3	5
1863	#FFFFFF	#D3D3D3	55
1864	#FFFFFF	#D3D3D3	5
1865	#FFFFFF	#D3D3D3	11
1866	#FFFFFF	#D3D3D3	11
1867	#FFFFFF	#D3D3D3	11
1868	#FFFFFF	#D3D3D3	5
1869	#FFFFFF	#D3D3D3	11
1870	#FFFFFF	#D3D3D3	42
1871	#FFFFFF	#D3D3D3	42
1872	#FFFFFF	#D3D3D3	1
1874	#FFFAFC	#CDCDCD	45
1875	#FFFFFF	#D3D3D3	1
1876	#FFFFFF	#D3D3D3	32
1877	#FFFFFF	#D3D3D3	32
1878	#FFFFFF	#D3D3D3	32
1879	#FFFFFF	#D3D3D3	32
1880	#FFFFFF	#D3D3D3	32
1881	#FFFFFF	#D3D3D3	32
1882	#FFFFFF	#D3D3D3	32
1883	#FFFFFF	#D3D3D3	32
1884	#FFFFFF	#D3D3D3	32
1885	#FFFAFC	#CDCDCD	45
1886	#FFFFFF	#D3D3D3	32
1887	#FFFFFF	#D3D3D3	32
1888	#FFFFFF	#D3D3D3	32
1889	#FFFFFF	#D3D3D3	32
1890	#FFFFFF	#D3D3D3	32
1891	#FFFFFF	#D3D3D3	32
1892	#FFFFFF	#D3D3D3	32
1893	#FFFFFF	#D3D3D3	32
1894	#FFFFFF	#D3D3D3	32
1895	#FFFFFF	#D3D3D3	32
1896	#FFFAFC	#CDCDCD	45
1897	#FFFAFC	#CDCDCD	45
1898	#FFFAFC	#CDCDCD	45
1899	#FFFAFC	#CDCDCD	45
1900	#FFFAFC	#CDCDCD	45
1902	#F6BDD0	#888888	28
1903	#FFFFFF	#D3D3D3	55
1904	#FFFFFF	#D3D3D3	5
1905	#FFFFFF	#D3D3D3	5
1906	#FFFFFF	#D3D3D3	5
1907	#FFFFFF	#D3D3D3	5
1908	#FFFFFF	#D3D3D3	5
1909	#FFFFFF	#D3D3D3	5
1910	#FFFFFF	#D3D3D3	5
1911	#FFFFFF	#D3D3D3	5
1912	#FFFFFF	#D3D3D3	5
1913	#FFFFFF	#D3D3D3	5
1914	#FFFAFC	#CDCDCD	45
1915	#FFFFFF	#D3D3D3	5
1916	#FFFFFF	#D3D3D3	11
1917	#FFFFFF	#D3D3D3	11
1918	#FFFFFF	#D3D3D3	5
1919	#FFFFFF	#D3D3D3	11
1920	#FFFFFF	#D3D3D3	11
1921	#FFFFFF	#D3D3D3	42
1922	#FFFFFF	#D3D3D3	1
1924	#FFFFFF	#D3D3D3	1
1925	#FFFAFC	#CDCDCD	45
1926	#FFFFFF	#D3D3D3	37
1927	#FFFFFF	#D3D3D3	32
1928	#FFFFFF	#D3D3D3	32
1929	#FFFFFF	#D3D3D3	32
1930	#FFFFFF	#D3D3D3	32
1931	#FFFFFF	#D3D3D3	32
1932	#FFFFFF	#D3D3D3	32
1933	#FFFFFF	#D3D3D3	32
1934	#FFFFFF	#D3D3D3	32
1935	#FFFFFF	#D3D3D3	32
1936	#FFFAFC	#CDCDCD	45
1937	#FFFFFF	#D3D3D3	32
1938	#FFFFFF	#D3D3D3	32
1939	#FFFFFF	#D3D3D3	32
1940	#FFFFFF	#D3D3D3	32
1941	#FFFFFF	#D3D3D3	32
1942	#FFFFFF	#D3D3D3	32
1943	#FFFFFF	#D3D3D3	32
1944	#FFFFFF	#D3D3D3	32
1945	#FFFFFF	#D3D3D3	32
1946	#FFFAFC	#CDCDCD	45
1947	#FFFAFC	#CDCDCD	45
1948	#FFFAFC	#CDCDCD	45
1949	#FFFAFC	#CDCDCD	45
1950	#FFFAFC	#CDCDCD	45
1951	#F6BDD0	#888888	28
1952	#FFFFFF	#D3D3D3	55
1953	#FFFFFF	#D3D3D3	5
1954	#FFFFFF	#D3D3D3	5
1955	#FFFFFF	#D3D3D3	5
1956	#FFFFFF	#D3D3D3	5
1957	#FFFFFF	#D3D3D3	5
1958	#FFFFFF	#D3D3D3	5
1959	#FFFFFF	#D3D3D3	5
1960	#FFFFFF	#D3D3D3	5
1961	#FFFFFF	#D3D3D3	5
1962	#FFFFFF	#D3D3D3	5
1963	#FFFFFF	#D3D3D3	55
1964	#FFFFFF	#D3D3D3	5
1965	#FFFFFF	#D3D3D3	5
1966	#FFFFFF	#D3D3D3	11
1967	#FFFFFF	#D3D3D3	5
1968	#FFFFFF	#D3D3D3	11
1969	#FFFFFF	#D3D3D3	11
1970	#FFFFFF	#D3D3D3	42
1971	#FFFFFF	#D3D3D3	1
1973	#FFFFFF	#D3D3D3	1
1974	#FFFAFC	#CDCDCD	45
1975	#FFFFFF	#D3D3D3	37
1976	#FFFFFF	#D3D3D3	37
1977	#FFFFFF	#D3D3D3	37
1978	#FFFFFF	#D3D3D3	32
1979	#FFFFFF	#D3D3D3	32
1980	#FFFFFF	#D3D3D3	32
1981	#FFFFFF	#D3D3D3	32
1982	#FFFFFF	#D3D3D3	32
1983	#FFFFFF	#D3D3D3	32
1984	#FFFFFF	#D3D3D3	32
1985	#FFFAFC	#CDCDCD	45
1986	#FFFFFF	#D3D3D3	32
1987	#FFFFFF	#D3D3D3	32
1988	#FFFFFF	#D3D3D3	32
1989	#FFFFFF	#D3D3D3	32
1990	#FFFFFF	#D3D3D3	32
1991	#FFFFFF	#D3D3D3	32
1992	#FFFFFF	#D3D3D3	32
1993	#FFFFFF	#D3D3D3	32
1994	#FFFFFF	#D3D3D3	32
1995	#FFFFFF	#D3D3D3	32
1996	#FFFAFC	#CDCDCD	45
1997	#FFFAFC	#CDCDCD	45
1998	#FFFAFC	#CDCDCD	45
1999	#FFFAFC	#CDCDCD	45
2000	#FFFAFC	#CDCDCD	45
2002	#F6BDD0	#888888	28
2003	#FFFFFF	#D3D3D3	55
2004	#FFFFFF	#D3D3D3	63
2005	#FFFFFF	#D3D3D3	5
2006	#FFFFFF	#D3D3D3	5
2007	#FFFFFF	#D3D3D3	5
2008	#FFFFFF	#D3D3D3	5
2009	#FFFFFF	#D3D3D3	5
2010	#FFFFFF	#D3D3D3	5
2011	#FFFFFF	#D3D3D3	5
2012	#FFFFFF	#D3D3D3	5
2013	#FFFFFF	#D3D3D3	5
2014	#FFFFFF	#D3D3D3	55
2015	#FFFFFF	#D3D3D3	5
2016	#FFFFFF	#D3D3D3	5
2017	#FFFFFF	#D3D3D3	5
2018	#FFFFFF	#D3D3D3	11
2019	#FFFFFF	#D3D3D3	11
2020	#FFFFFF	#D3D3D3	42
2021	#FFFFFF	#D3D3D3	1
2022	#FFFFFF	#D3D3D3	4
2023	#FFFFFF	#D3D3D3	1
2024	#FFFFFF	#D3D3D3	37
2025	#FFFAFC	#CDCDCD	45
2026	#FFFFFF	#D3D3D3	37
2027	#FFFFFF	#D3D3D3	37
2028	#FFFFFF	#D3D3D3	32
2029	#FFFFFF	#D3D3D3	32
2030	#FFFFFF	#D3D3D3	32
2031	#FFFFFF	#D3D3D3	32
2032	#FFFFFF	#D3D3D3	32
2033	#FFFFFF	#D3D3D3	32
2034	#FFFFFF	#D3D3D3	32
2035	#FFFFFF	#D3D3D3	37
2036	#FFFAFC	#CDCDCD	45
2037	#FFFFFF	#D3D3D3	32
2038	#FFFFFF	#D3D3D3	32
2039	#FFFFFF	#D3D3D3	32
2040	#FFFFFF	#D3D3D3	32
2041	#FFFFFF	#D3D3D3	32
2042	#FFFFFF	#D3D3D3	32
2043	#FFFFFF	#D3D3D3	32
2044	#FFFFFF	#D3D3D3	32
2045	#FFFFFF	#D3D3D3	32
2046	#FFFAFC	#CDCDCD	45
2047	#FFFAFC	#CDCDCD	45
2048	#FFFAFC	#CDCDCD	45
2049	#FFFAFC	#CDCDCD	45
2050	#FFFFFF	#D3D3D3	5
2051	#F6BDD0	#888888	28
2052	#FFFFFF	#D3D3D3	55
2053	#FFFFFF	#D3D3D3	63
2054	#FFFFFF	#D3D3D3	63
2055	#FFFFFF	#D3D3D3	5
2056	#FFFFFF	#D3D3D3	5
2057	#FFFFFF	#D3D3D3	5
2058	#FFFFFF	#D3D3D3	5
2059	#FFFFFF	#D3D3D3	5
2060	#FFFFFF	#D3D3D3	5
2061	#FFFFFF	#D3D3D3	5
2062	#FFFFFF	#D3D3D3	5
2063	#FFFFFF	#D3D3D3	55
2064	#FFFFFF	#D3D3D3	5
2065	#FFFFFF	#D3D3D3	5
2066	#FFFFFF	#D3D3D3	5
2067	#FFFFFF	#D3D3D3	5
2068	#FFFFFF	#D3D3D3	11
2069	#FFFFFF	#D3D3D3	42
2070	#FFFFFF	#D3D3D3	1
2072	#FFFFFF	#D3D3D3	1
2073	#FFFFFF	#D3D3D3	37
2074	#FFFFFF	#D3D3D3	55
2075	#FFFFFF	#D3D3D3	37
2076	#FFFFFF	#D3D3D3	32
2077	#FFFFFF	#D3D3D3	32
2078	#FFFFFF	#D3D3D3	32
2079	#FFFFFF	#D3D3D3	32
2080	#FFFFFF	#D3D3D3	32
2081	#FFFFFF	#D3D3D3	32
2082	#FFFFFF	#D3D3D3	32
2083	#FFFFFF	#D3D3D3	32
2084	#FFFFFF	#D3D3D3	37
2085	#FFFAFC	#CDCDCD	45
2086	#FFFFFF	#D3D3D3	32
2087	#FFFFFF	#D3D3D3	32
2088	#FFFFFF	#D3D3D3	32
2089	#FFFFFF	#D3D3D3	32
2090	#FFFFFF	#D3D3D3	32
2091	#FFFFFF	#D3D3D3	32
2092	#FFFFFF	#D3D3D3	32
2093	#FFFFFF	#D3D3D3	32
2094	#FFFFFF	#D3D3D3	32
2095	#FFFFFF	#D3D3D3	32
2096	#FFFAFC	#CDCDCD	45
2097	#FFFAFC	#CDCDCD	45
2098	#FFFAFC	#CDCDCD	45
2099	#FFFAFC	#CDCDCD	45
2100	#FFFFFF	#D3D3D3	5
2102	#F6BDD0	#888888	28
2103	#FFFFFF	#D3D3D3	55
2104	#FFFFFF	#D3D3D3	63
2105	#FFFFFF	#D3D3D3	63
2106	#FFFFFF	#D3D3D3	5
2107	#FFFFFF	#D3D3D3	5
2108	#FFFFFF	#D3D3D3	5
2109	#FFFFFF	#D3D3D3	5
2110	#FFFFFF	#D3D3D3	5
2111	#FFFFFF	#D3D3D3	5
2112	#FFFFFF	#D3D3D3	5
2113	#FFFFFF	#D3D3D3	5
2114	#FFFFFF	#D3D3D3	55
2115	#FFFFFF	#D3D3D3	5
2116	#FFFFFF	#D3D3D3	5
2117	#FFFFFF	#D3D3D3	5
2118	#FFFFFF	#D3D3D3	11
2119	#FFFFFF	#D3D3D3	42
2120	#FFFFFF	#D3D3D3	1
2122	#FFFFFF	#D3D3D3	1
2123	#FFFFFF	#D3D3D3	37
2124	#FFFFFF	#D3D3D3	37
2125	#FFFAFC	#CDCDCD	45
2126	#FFFFFF	#D3D3D3	32
2127	#FFFFFF	#D3D3D3	32
2128	#FFFFFF	#D3D3D3	32
2129	#FFFFFF	#D3D3D3	32
2130	#FFFFFF	#D3D3D3	32
2131	#FFFFFF	#D3D3D3	32
2132	#FFFFFF	#D3D3D3	32
2133	#FFFFFF	#D3D3D3	32
2134	#FFFFFF	#D3D3D3	37
2135	#FFFFFF	#D3D3D3	32
2136	#FFFAFC	#CDCDCD	45
2137	#FFFFFF	#D3D3D3	37
2138	#FFFFFF	#D3D3D3	32
2139	#FFFFFF	#D3D3D3	32
2140	#FFFFFF	#D3D3D3	32
2141	#FFFFFF	#D3D3D3	32
2142	#FFFFFF	#D3D3D3	32
2143	#FFFFFF	#D3D3D3	32
2144	#FFFFFF	#D3D3D3	32
2145	#FFFFFF	#D3D3D3	32
2146	#FFFAFC	#CDCDCD	45
2147	#FFFAFC	#CDCDCD	45
2148	#FFFAFC	#CDCDCD	45
2149	#FFFFFF	#D3D3D3	5
2150	#FFFFFF	#D3D3D3	63
2151	#F6BDD0	#888888	28
2152	#FFFFFF	#D3D3D3	55
2153	#FFFFFF	#D3D3D3	63
2154	#FFFFFF	#D3D3D3	63
2155	#FFFFFF	#D3D3D3	63
2156	#FFFFFF	#D3D3D3	5
2157	#FFFFFF	#D3D3D3	5
2158	#FFFFFF	#D3D3D3	5
2159	#FFFFFF	#D3D3D3	5
2160	#FFFFFF	#D3D3D3	5
2161	#FFFFFF	#D3D3D3	5
2162	#FFFFFF	#D3D3D3	5
2163	#FFFFFF	#D3D3D3	55
2164	#FFFFFF	#D3D3D3	5
2165	#FFFFFF	#D3D3D3	5
2166	#FFFFFF	#D3D3D3	42
2167	#FFFFFF	#D3D3D3	11
2168	#FFFFFF	#D3D3D3	42
2169	#FFFFFF	#D3D3D3	1
2171	#FFFFFF	#D3D3D3	1
2172	#FFFFFF	#D3D3D3	37
2173	#FFFFFF	#D3D3D3	37
2174	#FFFAFC	#CDCDCD	45
2175	#FFFFFF	#D3D3D3	37
2176	#FFFFFF	#D3D3D3	37
2177	#FFFFFF	#D3D3D3	32
2178	#FFFFFF	#D3D3D3	32
2179	#FFFFFF	#D3D3D3	32
2180	#FFFFFF	#D3D3D3	32
2181	#FFFFFF	#D3D3D3	32
2182	#FFFFFF	#D3D3D3	32
2183	#FFFFFF	#D3D3D3	37
2184	#FFFFFF	#D3D3D3	32
2185	#FFFAFC	#CDCDCD	45
2186	#FFFFFF	#D3D3D3	37
2187	#FFFFFF	#D3D3D3	37
2188	#FFFFFF	#D3D3D3	32
2189	#FFFFFF	#D3D3D3	32
2190	#FFFFFF	#D3D3D3	32
2191	#FFFFFF	#D3D3D3	32
2192	#FFFFFF	#D3D3D3	32
2193	#FFFFFF	#D3D3D3	32
2194	#FFFFFF	#D3D3D3	32
2195	#FFFFFF	#D3D3D3	32
2196	#FFFAFC	#CDCDCD	45
2197	#FFFAFC	#CDCDCD	45
2198	#FFFAFC	#CDCDCD	45
2199	#FFFFFF	#D3D3D3	5
2200	#FFFFFF	#D3D3D3	63
2202	#F6BDD0	#888888	28
2203	#FFFFFF	#D3D3D3	55
2204	#FFFFFF	#D3D3D3	63
2205	#FFFFFF	#D3D3D3	63
2206	#FFFFFF	#D3D3D3	5
2207	#FFFFFF	#D3D3D3	5
2208	#FFFFFF	#D3D3D3	5
2209	#FFFFFF	#D3D3D3	5
2210	#FFFFFF	#D3D3D3	5
2211	#FFFFFF	#D3D3D3	5
2212	#FFFFFF	#D3D3D3	5
2213	#FFFFFF	#D3D3D3	5
2214	#FFFAFC	#CDCDCD	45
2215	#FFFFFF	#D3D3D3	5
2216	#FFFFFF	#D3D3D3	42
2217	#FFFFFF	#D3D3D3	42
2218	#FFFFFF	#D3D3D3	42
2219	#FFFFFF	#D3D3D3	1
2221	#FFFFFF	#D3D3D3	1
2222	#FFFFFF	#D3D3D3	37
2223	#FFFFFF	#D3D3D3	37
2224	#FFFFFF	#D3D3D3	37
2225	#FFFAFC	#CDCDCD	45
2226	#FFFFFF	#D3D3D3	37
2227	#FFFFFF	#D3D3D3	37
2228	#FFFFFF	#D3D3D3	32
2229	#FFFFFF	#D3D3D3	32
2230	#FFFFFF	#D3D3D3	32
2231	#FFFFFF	#D3D3D3	32
2232	#FFFFFF	#D3D3D3	32
2233	#FFFFFF	#D3D3D3	37
2234	#FFFFFF	#D3D3D3	37
2235	#FFFFFF	#D3D3D3	37
2236	#FFFAFC	#CDCDCD	45
2237	#FFFFFF	#D3D3D3	37
2238	#FFFFFF	#D3D3D3	37
2239	#FFFFFF	#D3D3D3	32
2240	#FFFFFF	#D3D3D3	32
2241	#FFFFFF	#D3D3D3	32
2242	#FFFFFF	#D3D3D3	32
2243	#FFFFFF	#D3D3D3	32
2244	#FFFFFF	#D3D3D3	32
2245	#FFFFFF	#D3D3D3	32
2246	#FFFAFC	#CDCDCD	45
2247	#FFFAFC	#CDCDCD	45
2248	#FFFAFC	#CDCDCD	45
2249	#FFFFFF	#D3D3D3	63
2250	#FFFFFF	#D3D3D3	63
2251	#CD1076	#000000	13
2252	#CD1076	#000000	13
2253	#CD1076	#000000	12
2254	#CD1076	#000000	12
2255	#CD1076	#000000	12
2256	#CD1076	#000000	20
2257	#CD1076	#000000	20
2258	#CD1076	#000000	20
2259	#CD1076	#000000	20
2260	#FFFFFF	#D3D3D3	11
2261	#FFFFFF	#D3D3D3	11
2262	#FFFFFF	#D3D3D3	11
2263	#CD1076	#000000	13
2264	#FFFFFF	#D3D3D3	11
2265	#FFFFFF	#D3D3D3	11
2266	#FFFFFF	#D3D3D3	11
2267	#FFFFFF	#D3D3D3	11
2268	#FFFEFF	#D2D2D2	14
2269	#FFFEFF	#D2D2D2	14
2270	#FFFEFF	#D2D2D2	14
2271	#FFFFFF	#D3D3D3	82
2272	#FFFFFF	#D3D3D3	82
2273	#FFFFFF	#D3D3D3	82
2274	#CD1076	#000000	34
2275	#FFFFFF	#D3D3D3	82
2276	#FFFFFF	#D3D3D3	82
2277	#FFFFFF	#D3D3D3	82
2278	#FFFFFF	#D3D3D3	82
2279	#FFFFFF	#D3D3D3	18
2280	#FFFFFF	#D3D3D3	18
2281	#FFFFFF	#D3D3D3	18
2282	#FFFFFF	#D3D3D3	11
2283	#FFFFFF	#D3D3D3	11
2284	#FFFFFF	#D3D3D3	11
2285	#CD1076	#000000	40
2286	#FFFFFF	#D3D3D3	11
2287	#FFFFFF	#D3D3D3	11
2288	#FFFFFF	#D3D3D3	11
2289	#FFFFFF	#D3D3D3	11
2290	#FFFFFF	#D3D3D3	11
2291	#FFFFFF	#D3D3D3	11
2292	#FFFFFF	#D3D3D3	11
2293	#FFFFFF	#D3D3D3	11
2294	#FFFFFF	#D3D3D3	19
2296	#CD1076	#000000	40
2297	#CD1076	#000000	40
2298	#CD1076	#000000	40
2299	#CD1076	#000000	40
2300	#CD1076	#000000	12
2302	#CD1076	#000000	13
2303	#CD1076	#000000	13
2304	#CD1076	#000000	12
2305	#CD1076	#000000	12
2306	#CD1076	#000000	20
2307	#CD1076	#000000	20
2308	#CD1076	#000000	20
2309	#CD1076	#000000	20
2310	#FFFAFC	#CDCDCD	45
2311	#FFFFFF	#D3D3D3	11
2312	#FFFFFF	#D3D3D3	11
2313	#FFFFFF	#D3D3D3	11
2314	#CD1076	#000000	13
2315	#FFFFFF	#D3D3D3	11
2316	#FFFFFF	#D3D3D3	11
2317	#FFFFFF	#D3D3D3	11
2318	#FFFEFF	#D2D2D2	14
2319	#FFFFFF	#D3D3D3	11
2320	#FFFEFF	#D2D2D2	14
2321	#FFFEFF	#D2D2D2	14
2322	#FFFFFF	#D3D3D3	82
2323	#FFFFFF	#D3D3D3	82
2324	#FFFFFF	#D3D3D3	82
2325	#CD1076	#000000	34
2326	#FFFFFF	#D3D3D3	82
2327	#FFFFFF	#D3D3D3	82
2328	#FFFFFF	#D3D3D3	82
2329	#FFFFFF	#D3D3D3	82
2330	#FFFFFF	#D3D3D3	18
2331	#FFFFFF	#D3D3D3	18
2332	#FFFFFF	#D3D3D3	18
2333	#FFFFFF	#D3D3D3	11
2334	#FFFFFF	#D3D3D3	11
2335	#FFFFFF	#D3D3D3	11
2336	#CD1076	#000000	40
2337	#FFFFFF	#D3D3D3	11
2338	#FFFFFF	#D3D3D3	11
2339	#FFFFFF	#D3D3D3	11
2340	#FFFFFF	#D3D3D3	11
2341	#FFFFFF	#D3D3D3	11
2342	#FFFFFF	#D3D3D3	11
2343	#FFFFFF	#D3D3D3	11
2344	#FFFFFF	#D3D3D3	19
2345	#FFFFFF	#D3D3D3	19
2346	#CD1076	#000000	40
2347	#CD1076	#000000	40
2348	#CD1076	#000000	40
2349	#CD1076	#000000	12
2350	#CD1076	#000000	12
2351	#F6BDD0	#888888	28
2352	#F6BDD0	#888888	28
2353	#FFFFFF	#D3D3D3	63
2354	#FFFFFF	#D3D3D3	63
2355	#FFFFFF	#D3D3D3	5
2356	#FFFFFF	#D3D3D3	5
2357	#FFFFFF	#D3D3D3	5
2358	#FFFFFF	#D3D3D3	5
2359	#FFFFFF	#D3D3D3	5
2360	#FFFFFF	#D3D3D3	5
2361	#FFFFFF	#D3D3D3	5
2362	#FFFFFF	#D3D3D3	5
2363	#FFFFFF	#D3D3D3	55
2364	#FFFFFF	#D3D3D3	5
2365	#FFFFFF	#D3D3D3	42
2366	#FFFFFF	#D3D3D3	42
2367	#FFFFFF	#D3D3D3	42
2368	#FFFFFF	#D3D3D3	1
2370	#FFFFFF	#D3D3D3	1
2371	#FFFFFF	#D3D3D3	37
2372	#FFFFFF	#D3D3D3	37
2373	#FFFFFF	#D3D3D3	37
2374	#FFFAFC	#CDCDCD	45
2375	#FFFFFF	#D3D3D3	37
2376	#FFFFFF	#D3D3D3	37
2377	#FFFFFF	#D3D3D3	37
2378	#FFFFFF	#D3D3D3	32
2379	#FFFFFF	#D3D3D3	32
2380	#FFFFFF	#D3D3D3	32
2381	#FFFFFF	#D3D3D3	32
2382	#FFFFFF	#D3D3D3	32
2383	#FFFFFF	#D3D3D3	32
2384	#FFFFFF	#D3D3D3	37
2385	#FFFAFC	#CDCDCD	45
2386	#FFFFFF	#D3D3D3	37
2387	#FFFFFF	#D3D3D3	37
2388	#FFFFFF	#D3D3D3	32
2389	#FFFFFF	#D3D3D3	32
2390	#FFFFFF	#D3D3D3	32
2391	#FFFFFF	#D3D3D3	32
2392	#FFFFFF	#D3D3D3	32
2393	#FFFFFF	#D3D3D3	32
2394	#FFFFFF	#D3D3D3	32
2395	#FFFFFF	#D3D3D3	32
2396	#FFFAFC	#CDCDCD	45
2397	#FFFAFC	#CDCDCD	45
2398	#FFFAFC	#CDCDCD	45
2399	#FFFAFC	#CDCDCD	45
2400	#FFFFFF	#D3D3D3	63
2402	#F6BDD0	#888888	28
2403	#FFFFFF	#D3D3D3	55
2404	#FFFFFF	#D3D3D3	63
2405	#FFFFFF	#D3D3D3	5
2406	#FFFFFF	#D3D3D3	5
2407	#FFFFFF	#D3D3D3	5
2408	#FFFFFF	#D3D3D3	5
2409	#FFFFFF	#D3D3D3	5
2410	#FFFFFF	#D3D3D3	5
2411	#FFFFFF	#D3D3D3	5
2412	#FFFFFF	#D3D3D3	42
2413	#FFFFFF	#D3D3D3	5
2414	#FFFFFF	#D3D3D3	55
2415	#FFFFFF	#D3D3D3	42
2416	#FFFFFF	#D3D3D3	42
2417	#FFFFFF	#D3D3D3	42
2418	#FFFFFF	#D3D3D3	1
2420	#FFFFFF	#D3D3D3	1
2421	#FFFCFD	#CFCFCF	15
2422	#FFFFFF	#D3D3D3	37
2423	#FFFCFD	#CFCFCF	15
2424	#FFFFFF	#D3D3D3	37
2425	#FFFAFC	#CDCDCD	45
2426	#FFFFFF	#D3D3D3	37
2427	#FFFFFF	#D3D3D3	37
2428	#FFFFFF	#D3D3D3	37
2429	#FFFFFF	#D3D3D3	32
2430	#FFFFFF	#D3D3D3	32
2431	#FFFFFF	#D3D3D3	32
2432	#FFFFFF	#D3D3D3	32
2433	#FFFFFF	#D3D3D3	32
2434	#FFFFFF	#D3D3D3	37
2435	#FFFFFF	#D3D3D3	37
2436	#FFFAFC	#CDCDCD	45
2437	#FFFFFF	#D3D3D3	37
2438	#FFFFFF	#D3D3D3	32
2439	#FFFFFF	#D3D3D3	32
2440	#FFFFFF	#D3D3D3	32
2441	#FFFFFF	#D3D3D3	32
2442	#FFFFFF	#D3D3D3	32
2443	#FFFFFF	#D3D3D3	32
2444	#FFFFFF	#D3D3D3	32
2445	#FFFFFF	#D3D3D3	32
2446	#FFFAFC	#CDCDCD	45
2447	#FFFAFC	#CDCDCD	45
2448	#FFFFFF	#D3D3D3	63
2449	#FFFFFF	#D3D3D3	63
2450	#FFFFFF	#D3D3D3	63
2451	#F6BDD0	#888888	28
2452	#FFFFFF	#D3D3D3	55
2453	#FFFFFF	#D3D3D3	63
2454	#FFFFFF	#D3D3D3	5
2455	#FFFFFF	#D3D3D3	5
2456	#FFFFFF	#D3D3D3	5
2457	#FFFFFF	#D3D3D3	5
2458	#FFFFFF	#D3D3D3	5
2459	#FFFFFF	#D3D3D3	5
2460	#FFFFFF	#D3D3D3	5
2461	#FFFFFF	#D3D3D3	42
2462	#FFFFFF	#D3D3D3	42
2463	#FFFFFF	#D3D3D3	55
2464	#FFFFFF	#D3D3D3	42
2465	#FFFFFF	#D3D3D3	42
2466	#FFFFFF	#D3D3D3	42
2467	#FFFFFF	#D3D3D3	1
2469	#FFFFFF	#D3D3D3	1
2470	#FFFCFD	#CFCFCF	15
2471	#FFFCFD	#CFCFCF	15
2472	#FFFCFD	#CFCFCF	15
2473	#FFFFFF	#D3D3D3	37
2474	#FFFAFC	#CDCDCD	45
2475	#FFFFFF	#D3D3D3	37
2476	#FFFFFF	#D3D3D3	37
2477	#FFFFFF	#D3D3D3	37
2478	#FFFFFF	#D3D3D3	32
2479	#FFFFFF	#D3D3D3	32
2480	#FFFFFF	#D3D3D3	32
2481	#FFFFFF	#D3D3D3	32
2482	#FFFFFF	#D3D3D3	32
2483	#FFFFFF	#D3D3D3	37
2484	#FFFFFF	#D3D3D3	37
2485	#FFFAFC	#CDCDCD	45
2486	#FFFFFF	#D3D3D3	37
2487	#FFFFFF	#D3D3D3	32
2488	#FFFFFF	#D3D3D3	32
2489	#FFFFFF	#D3D3D3	32
2490	#FFFFFF	#D3D3D3	32
2491	#FFFFFF	#D3D3D3	32
2492	#FFFFFF	#D3D3D3	32
2493	#FFFFFF	#D3D3D3	32
2494	#FFFFFF	#D3D3D3	32
2495	#FFFFFF	#D3D3D3	32
2496	#FFFAFC	#CDCDCD	45
2497	#FFFFFF	#D3D3D3	63
2498	#FFFFFF	#D3D3D3	63
2499	#FFFFFF	#D3D3D3	63
2500	#FFFFFF	#D3D3D3	63
2502	#F6BDD0	#888888	28
2503	#FFFFFF	#D3D3D3	55
2504	#FFFFFF	#D3D3D3	5
2505	#FFFFFF	#D3D3D3	5
2506	#FFFFFF	#D3D3D3	5
2507	#FFFFFF	#D3D3D3	5
2508	#FFFFFF	#D3D3D3	5
2509	#FFFFFF	#D3D3D3	5
2510	#FFFFFF	#D3D3D3	5
2511	#FFFFFF	#D3D3D3	42
2512	#FFFFFF	#D3D3D3	42
2513	#FFFFFF	#D3D3D3	42
2514	#FFFFFF	#D3D3D3	55
2515	#FFFFFF	#D3D3D3	42
2516	#FFFFFF	#D3D3D3	42
2517	#FFFFFF	#D3D3D3	1
2519	#FFFFFF	#D3D3D3	1
2520	#FFFCFD	#CFCFCF	15
2521	#FFFCFD	#CFCFCF	15
2522	#FFFCFD	#CFCFCF	15
2523	#FFFCFD	#CFCFCF	15
2524	#FFFFFF	#D3D3D3	37
2525	#FFFFFF	#D3D3D3	55
2526	#FFFFFF	#D3D3D3	37
2527	#FFFFFF	#D3D3D3	37
2528	#FFFFFF	#D3D3D3	37
2529	#FFFFFF	#D3D3D3	37
2530	#FFFFFF	#D3D3D3	32
2531	#FFFFFF	#D3D3D3	32
2532	#FFFFFF	#D3D3D3	32
2533	#FFFFFF	#D3D3D3	37
2534	#FFFFFF	#D3D3D3	37
2535	#FFFFFF	#D3D3D3	37
2536	#FFFAFC	#CDCDCD	45
2537	#FFFFFF	#D3D3D3	37
2538	#FFFFFF	#D3D3D3	32
2539	#FFFFFF	#D3D3D3	32
2540	#FFFFFF	#D3D3D3	37
2541	#FFFFFF	#D3D3D3	32
2542	#FFFFFF	#D3D3D3	32
2543	#FFFFFF	#D3D3D3	32
2544	#FFFFFF	#D3D3D3	32
2545	#FFFFFF	#D3D3D3	32
2546	#FFFAFC	#CDCDCD	45
2547	#FFFFFF	#D3D3D3	63
2548	#FFFFFF	#D3D3D3	63
2549	#FFFFFF	#D3D3D3	63
2550	#FFFFFF	#D3D3D3	5
2551	#F6BDD0	#888888	28
2552	#FFFFFF	#D3D3D3	55
2553	#FFFFFF	#D3D3D3	5
2554	#FFFFFF	#D3D3D3	5
2555	#FFFFFF	#D3D3D3	5
2556	#FFFFFF	#D3D3D3	5
2557	#FFFFFF	#D3D3D3	5
2558	#FFFFFF	#D3D3D3	5
2559	#FFFFFF	#D3D3D3	5
2560	#FFFFFF	#D3D3D3	5
2561	#FFFFFF	#D3D3D3	42
2562	#FFFFFF	#D3D3D3	42
2563	#FFFFFF	#D3D3D3	55
2564	#FFFFFF	#D3D3D3	42
2565	#FFFFFF	#D3D3D3	42
2566	#FFFFFF	#D3D3D3	1
2568	#FFFFFF	#D3D3D3	1
2569	#FFFCFD	#CFCFCF	15
2570	#FFFCFD	#CFCFCF	15
2571	#FFFCFD	#CFCFCF	15
2572	#FFFCFD	#CFCFCF	15
2573	#FFFFFF	#D3D3D3	37
2574	#FFFFFF	#D3D3D3	55
2575	#FFFFFF	#D3D3D3	37
2576	#FFFFFF	#D3D3D3	37
2577	#FFFFFF	#D3D3D3	37
2578	#FFFFFF	#D3D3D3	37
2579	#FFFFFF	#D3D3D3	37
2580	#FFFFFF	#D3D3D3	32
2581	#FFFFFF	#D3D3D3	32
2582	#FFFFFF	#D3D3D3	37
2583	#FFFFFF	#D3D3D3	37
2584	#FFFFFF	#D3D3D3	37
2585	#FFFFFF	#D3D3D3	55
2586	#FFFFFF	#D3D3D3	37
2587	#FFFFFF	#D3D3D3	32
2588	#FFFFFF	#D3D3D3	32
2589	#FFFFFF	#D3D3D3	37
2590	#FFFFFF	#D3D3D3	37
2591	#FFFFFF	#D3D3D3	32
2592	#FFFFFF	#D3D3D3	32
2593	#FFFFFF	#D3D3D3	32
2594	#FFFFFF	#D3D3D3	32
2595	#FFFFFF	#D3D3D3	32
2596	#FFFAFC	#CDCDCD	45
2597	#FFFFFF	#D3D3D3	63
2598	#FFFFFF	#D3D3D3	63
2599	#FFFFFF	#D3D3D3	63
2600	#FFFFFF	#D3D3D3	63
2602	#F6BDD0	#888888	28
2603	#FFFFFF	#D3D3D3	55
2604	#FFFFFF	#D3D3D3	5
2605	#FFFFFF	#D3D3D3	5
2606	#FFFFFF	#D3D3D3	5
2607	#FFFFFF	#D3D3D3	5
2608	#FFFFFF	#D3D3D3	5
2609	#FFFFFF	#D3D3D3	5
2610	#FFFFFF	#D3D3D3	5
2611	#FFFFFF	#D3D3D3	5
2612	#FFFFFF	#D3D3D3	42
2613	#FFFFFF	#D3D3D3	42
2614	#FFFFFF	#D3D3D3	55
2615	#FFFFFF	#D3D3D3	1
2616	#FFFFFF	#D3D3D3	1
2617	#FFFFFF	#D3D3D3	4
2618	#FFFFFF	#D3D3D3	1
2619	#FFFCFD	#CFCFCF	15
2620	#FFFCFD	#CFCFCF	15
2621	#FFFCFD	#CFCFCF	15
2622	#FFFCFD	#CFCFCF	15
2623	#FFFCFD	#CFCFCF	15
2624	#FFFFFF	#D3D3D3	37
2625	#FFFFFF	#D3D3D3	55
2626	#FFFFFF	#D3D3D3	37
2627	#FFFFFF	#D3D3D3	37
2628	#FFFFFF	#D3D3D3	37
2629	#FFFFFF	#D3D3D3	37
2630	#FFFFFF	#D3D3D3	32
2631	#FFFFFF	#D3D3D3	32
2632	#FFFFFF	#D3D3D3	37
2633	#FFFFFF	#D3D3D3	37
2634	#FFFFFF	#D3D3D3	37
2635	#FFFFFF	#D3D3D3	37
2636	#FFFAFC	#CDCDCD	45
2637	#FFFFFF	#D3D3D3	32
2638	#FFFFFF	#D3D3D3	32
2639	#FFFFFF	#D3D3D3	32
2640	#FFFFFF	#D3D3D3	37
2641	#FFFFFF	#D3D3D3	37
2642	#FFFFFF	#D3D3D3	32
2643	#FFFFFF	#D3D3D3	32
2644	#FFFFFF	#D3D3D3	32
2645	#FFFFFF	#D3D3D3	32
2646	#FFFFFF	#D3D3D3	63
2647	#FFFFFF	#D3D3D3	63
2648	#FFFFFF	#D3D3D3	63
2649	#FFFFFF	#D3D3D3	63
2650	#FFFFFF	#D3D3D3	39
2651	#F6BDD0	#888888	28
2652	#F6BDD0	#888888	28
2653	#FFFFFF	#D3D3D3	5
2654	#FFFFFF	#D3D3D3	5
2655	#FFFFFF	#D3D3D3	5
2656	#FFFFFF	#D3D3D3	5
2657	#FFFFFF	#D3D3D3	5
2658	#FFFFFF	#D3D3D3	5
2659	#FFFFFF	#D3D3D3	5
2660	#FFFFFF	#D3D3D3	5
2661	#FFFFFF	#D3D3D3	42
2662	#FFFFFF	#D3D3D3	1
2663	#FFFFFF	#D3D3D3	55
2664	#FFFFFF	#D3D3D3	1
2665	#FFFFFF	#D3D3D3	1
2667	#FFFFFF	#D3D3D3	1
2668	#FFFCFD	#CFCFCF	15
2669	#FFFCFD	#CFCFCF	15
2670	#FFFCFD	#CFCFCF	15
2671	#FFFCFD	#CFCFCF	15
2672	#FFFCFD	#CFCFCF	15
2673	#FFFCFD	#CFCFCF	15
2674	#FFFFFF	#D3D3D3	55
2675	#FFFFFF	#D3D3D3	37
2676	#FFFCFD	#CFCFCF	15
2677	#FFFFFF	#D3D3D3	37
2678	#FFFFFF	#D3D3D3	37
2679	#FFFFFF	#D3D3D3	37
2680	#FFFFFF	#D3D3D3	37
2681	#FFFFFF	#D3D3D3	37
2682	#FFFFFF	#D3D3D3	37
2683	#FFFFFF	#D3D3D3	37
2684	#FFFFFF	#D3D3D3	37
2685	#FFFAFC	#CDCDCD	45
2686	#FFFFFF	#D3D3D3	37
2687	#FFFFFF	#D3D3D3	32
2688	#FFFFFF	#D3D3D3	32
2689	#FFFFFF	#D3D3D3	37
2690	#FFFFFF	#D3D3D3	37
2691	#FFFFFF	#D3D3D3	37
2692	#FFFFFF	#D3D3D3	32
2693	#FFFFFF	#D3D3D3	32
2694	#FFFFFF	#D3D3D3	32
2695	#FFFFFF	#D3D3D3	32
2696	#FFFFFF	#D3D3D3	63
2697	#FFFFFF	#D3D3D3	63
2698	#FFFFFF	#D3D3D3	63
2699	#FFFFFF	#D3D3D3	63
2700	#FFFFFF	#D3D3D3	39
2702	#F6BDD0	#888888	28
2703	#FFFFFF	#D3D3D3	55
2704	#FFFFFF	#D3D3D3	5
2705	#FFFFFF	#D3D3D3	5
2706	#FFFFFF	#D3D3D3	5
2707	#FFFFFF	#D3D3D3	5
2708	#FFFFFF	#D3D3D3	5
2709	#FFFFFF	#D3D3D3	5
2710	#FFFFFF	#D3D3D3	5
2711	#FFFFFF	#D3D3D3	5
2712	#FFFFFF	#D3D3D3	42
2713	#FFFFFF	#D3D3D3	1
2714	#FFFFFF	#D3D3D3	55
2715	#FFFFFF	#D3D3D3	1
2717	#FFFFFF	#D3D3D3	1
2718	#FFFCFD	#CFCFCF	15
2719	#FFFCFD	#CFCFCF	15
2720	#FFFCFD	#CFCFCF	15
2721	#FFFCFD	#CFCFCF	15
2722	#FFFCFD	#CFCFCF	15
2723	#FFFCFD	#CFCFCF	15
2724	#FFFCFD	#CFCFCF	15
2725	#FFFAFC	#CDCDCD	45
2726	#FFFCFD	#CFCFCF	15
2727	#FFFFFF	#D3D3D3	37
2728	#FFFFFF	#D3D3D3	37
2729	#FFFFFF	#D3D3D3	37
2730	#FFFFFF	#D3D3D3	37
2731	#FFFFFF	#D3D3D3	37
2732	#FFFFFF	#D3D3D3	37
2733	#FFFFFF	#D3D3D3	37
2734	#FFFFFF	#D3D3D3	37
2735	#FFFFFF	#D3D3D3	32
2736	#FFFFFF	#D3D3D3	63
2737	#FFFFFF	#D3D3D3	32
2738	#FFFFFF	#D3D3D3	32
2739	#FFFFFF	#D3D3D3	32
2740	#FFFFFF	#D3D3D3	37
2741	#FFFFFF	#D3D3D3	37
2742	#FFFFFF	#D3D3D3	37
2743	#FFFFFF	#D3D3D3	32
2744	#FFFFFF	#D3D3D3	32
2745	#FFFFFF	#D3D3D3	32
2746	#FFFFFF	#D3D3D3	63
2747	#FFFFFF	#D3D3D3	63
2748	#FFFFFF	#D3D3D3	63
2749	#FFFFFF	#D3D3D3	39
2750	#FFFFFF	#D3D3D3	5
2751	#F6BDD0	#888888	28
2752	#FFFFFF	#D3D3D3	55
2753	#FFFFFF	#D3D3D3	5
2754	#FFFFFF	#D3D3D3	5
2755	#FFFFFF	#D3D3D3	5
2756	#FFFFFF	#D3D3D3	5
2757	#FFFFFF	#D3D3D3	5
2758	#FFFFFF	#D3D3D3	5
2759	#FFFFFF	#D3D3D3	5
2760	#FFFFFF	#D3D3D3	5
2761	#FFFFFF	#D3D3D3	42
2762	#FFFFFF	#D3D3D3	1
2763	#FFFFFF	#D3D3D3	55
2764	#FFFFFF	#D3D3D3	1
2766	#FFFFFF	#D3D3D3	1
2767	#FFFCFD	#CFCFCF	15
2768	#FFFCFD	#CFCFCF	15
2769	#FFFCFD	#CFCFCF	15
2770	#FFFCFD	#CFCFCF	15
2771	#FFFCFD	#CFCFCF	15
2772	#FFFCFD	#CFCFCF	15
2773	#FFFCFD	#CFCFCF	15
2774	#FFFAFC	#CDCDCD	45
2775	#FFFCFD	#CFCFCF	15
2776	#FFFCFD	#CFCFCF	15
2777	#FFFFFF	#D3D3D3	37
2778	#FFFFFF	#D3D3D3	37
2779	#FFFFFF	#D3D3D3	37
2780	#FFFFFF	#D3D3D3	37
2781	#FFFFFF	#D3D3D3	37
2782	#FFFFFF	#D3D3D3	37
2783	#FFFFFF	#D3D3D3	37
2784	#FFFFFF	#D3D3D3	32
2785	#FFFFFF	#D3D3D3	63
2786	#FFFFFF	#D3D3D3	32
2787	#FFFFFF	#D3D3D3	32
2788	#FFFFFF	#D3D3D3	32
2789	#FFFFFF	#D3D3D3	37
2790	#FFFFFF	#D3D3D3	37
2791	#FFFFFF	#D3D3D3	37
2792	#FFFFFF	#D3D3D3	32
2793	#FFFFFF	#D3D3D3	32
2794	#FFFFFF	#D3D3D3	32
2795	#FFFFFF	#D3D3D3	32
2796	#FFFFFF	#D3D3D3	63
2797	#FFFFFF	#D3D3D3	63
2798	#FFFFFF	#D3D3D3	63
2799	#FFFFFF	#D3D3D3	39
2800	#FFFFFF	#D3D3D3	39
2802	#F6BDD0	#888888	28
2803	#FFFFFF	#D3D3D3	55
2804	#FFFFFF	#D3D3D3	5
2805	#FFFFFF	#D3D3D3	5
2806	#FFFFFF	#D3D3D3	5
2807	#FFFFFF	#D3D3D3	5
2808	#FFFFFF	#D3D3D3	5
2809	#FFFFFF	#D3D3D3	5
2810	#FFFFFF	#D3D3D3	5
2811	#FFFFFF	#D3D3D3	5
2812	#FFFFFF	#D3D3D3	42
2813	#FFFFFF	#D3D3D3	1
2814	#FFFAFC	#CDCDCD	45
2816	#FFFFFF	#D3D3D3	1
2817	#FFFCFD	#CFCFCF	15
2818	#FFFCFD	#CFCFCF	15
2819	#FFFCFD	#CFCFCF	15
2820	#FFFCFD	#CFCFCF	15
2821	#FFFCFD	#CFCFCF	15
2822	#FFFCFD	#CFCFCF	15
2823	#FFFCFD	#CFCFCF	15
2824	#FFFCFD	#CFCFCF	15
2825	#FFFFFF	#D3D3D3	63
2826	#FFFCFD	#CFCFCF	15
2827	#FFFCFD	#CFCFCF	15
2828	#FFFCFD	#CFCFCF	15
2829	#FFFFFF	#D3D3D3	37
2830	#FFFFFF	#D3D3D3	37
2831	#FFFFFF	#D3D3D3	37
2832	#FFFFFF	#D3D3D3	37
2833	#FFFFFF	#D3D3D3	37
2834	#FFFFFF	#D3D3D3	32
2835	#FFFFFF	#D3D3D3	32
2836	#FFFFFF	#D3D3D3	63
2837	#FFFFFF	#D3D3D3	32
2838	#FFFFFF	#D3D3D3	32
2839	#FFFFFF	#D3D3D3	37
2840	#FFFFFF	#D3D3D3	37
2841	#FFFFFF	#D3D3D3	37
2842	#FFFFFF	#D3D3D3	32
2843	#FFFFFF	#D3D3D3	32
2844	#FFFFFF	#D3D3D3	32
2845	#FFFFFF	#D3D3D3	32
2846	#FFFFFF	#D3D3D3	63
2847	#FFFFFF	#D3D3D3	63
2848	#FFFFFF	#D3D3D3	39
2849	#FFFFFF	#D3D3D3	39
2850	#FFFFFF	#D3D3D3	5
2851	#F6BDD0	#888888	28
2852	#FFFFFF	#D3D3D3	55
2853	#FFFFFF	#D3D3D3	5
2854	#FFFFFF	#D3D3D3	5
2855	#FFFFFF	#D3D3D3	5
2856	#FFFFFF	#D3D3D3	5
2857	#FFFFFF	#D3D3D3	5
2858	#FFFFFF	#D3D3D3	5
2859	#FFFFFF	#D3D3D3	5
2860	#FFFFFF	#D3D3D3	42
2861	#FFFFFF	#D3D3D3	42
2862	#FFFFFF	#D3D3D3	1
2863	#FFFAFC	#CDCDCD	45
2865	#FFFFFF	#D3D3D3	1
2866	#FFFCFD	#CFCFCF	15
2867	#FFFCFD	#CFCFCF	15
2868	#FFFCFD	#CFCFCF	15
2869	#FFFCFD	#CFCFCF	15
2870	#FFFCFD	#CFCFCF	15
2871	#FFFCFD	#CFCFCF	15
2872	#FFFCFD	#CFCFCF	15
2873	#FFFCFD	#CFCFCF	15
2874	#FFFAFC	#CDCDCD	45
2875	#FFFCFD	#CFCFCF	15
2876	#FFFCFD	#CFCFCF	15
2877	#FFFCFD	#CFCFCF	15
2878	#FFFFFF	#D3D3D3	37
2879	#FFFFFF	#D3D3D3	37
2880	#FFFFFF	#D3D3D3	37
2881	#FFFFFF	#D3D3D3	37
2882	#FFFFFF	#D3D3D3	37
2883	#FFFFFF	#D3D3D3	32
2884	#FFFFFF	#D3D3D3	32
2885	#FFFFFF	#D3D3D3	63
2886	#FFFFFF	#D3D3D3	37
2887	#FFFFFF	#D3D3D3	32
2888	#FFFFFF	#D3D3D3	37
2889	#FFFFFF	#D3D3D3	37
2890	#FFFFFF	#D3D3D3	37
2891	#FFFFFF	#D3D3D3	32
2892	#FFFFFF	#D3D3D3	32
2893	#FFFFFF	#D3D3D3	32
2894	#FFFFFF	#D3D3D3	32
2895	#FFFFFF	#D3D3D3	32
2896	#FFFFFF	#D3D3D3	63
2897	#FFFFFF	#D3D3D3	63
2898	#FFFFFF	#D3D3D3	39
2899	#FFFFFF	#D3D3D3	39
2900	#FFFFFF	#D3D3D3	39
2902	#F6BDD0	#888888	28
2903	#FFFFFF	#D3D3D3	55
2904	#FFFFFF	#D3D3D3	5
2905	#FFFFFF	#D3D3D3	5
2906	#FFFFFF	#D3D3D3	5
2907	#FFFFFF	#D3D3D3	5
2908	#FFFFFF	#D3D3D3	5
2909	#FFFFFF	#D3D3D3	5
2910	#FFFFFF	#D3D3D3	42
2911	#FFFFFF	#D3D3D3	42
2912	#FFFFFF	#D3D3D3	1
2914	#FFFAFC	#CDCDCD	45
2915	#FFFFFF	#D3D3D3	1
2916	#FFFCFD	#CFCFCF	15
2917	#FFFCFD	#CFCFCF	15
2918	#FFFCFD	#CFCFCF	15
2919	#FFFCFD	#CFCFCF	15
2920	#FFFCFD	#CFCFCF	15
2921	#FFFCFD	#CFCFCF	15
2922	#FFFCFD	#CFCFCF	15
2923	#FFFCFD	#CFCFCF	15
2924	#FFFCFD	#CFCFCF	15
2925	#FFFFFF	#D3D3D3	63
2926	#FFFCFD	#CFCFCF	15
2927	#FFFCFD	#CFCFCF	15
2928	#FFFFFF	#D3D3D3	37
2929	#FFFFFF	#D3D3D3	37
2930	#FFFFFF	#D3D3D3	37
2931	#FFFFFF	#D3D3D3	37
2932	#FFFFFF	#D3D3D3	37
2933	#FFFFFF	#D3D3D3	37
2934	#FFFFFF	#D3D3D3	32
2935	#FFFFFF	#D3D3D3	37
2936	#FFFFFF	#D3D3D3	63
2937	#FFFFFF	#D3D3D3	37
2938	#FFFFFF	#D3D3D3	37
2939	#FFFFFF	#D3D3D3	37
2940	#FFFFFF	#D3D3D3	37
2941	#FFFFFF	#D3D3D3	32
2942	#FFFFFF	#D3D3D3	32
2943	#FFFFFF	#D3D3D3	32
2944	#FFFFFF	#D3D3D3	32
2945	#FFFFFF	#D3D3D3	32
2946	#FFFFFF	#D3D3D3	63
2947	#FFFFFF	#D3D3D3	39
2948	#FFFFFF	#D3D3D3	39
2949	#FFFFFF	#D3D3D3	39
2950	#FFFFFF	#D3D3D3	5
2951	#F6BDD0	#888888	28
2952	#FFFFFF	#D3D3D3	55
2953	#FFFFFF	#D3D3D3	5
2954	#FFFFFF	#D3D3D3	5
2955	#FFFFFF	#D3D3D3	5
2956	#FFFFFF	#D3D3D3	5
2957	#FFFFFF	#D3D3D3	5
2958	#FFFFFF	#D3D3D3	5
2959	#FFFFFF	#D3D3D3	42
2960	#FFFFFF	#D3D3D3	42
2961	#FFFFFF	#D3D3D3	1
2962	#FFFFFF	#D3D3D3	4
2963	#FFFAFC	#CDCDCD	45
2964	#FFFFFF	#D3D3D3	1
2965	#FFFCFD	#CFCFCF	15
2966	#FFFCFD	#CFCFCF	15
2967	#FFFCFD	#CFCFCF	15
2968	#FFFFFF	#D3D3D3	71
2969	#FFFCFD	#CFCFCF	15
2970	#FFFCFD	#CFCFCF	15
2971	#FFFCFD	#CFCFCF	15
2972	#FFFCFD	#CFCFCF	15
2973	#FFFCFD	#CFCFCF	15
2974	#FFFFFF	#D3D3D3	63
2975	#FFFCFD	#CFCFCF	15
2976	#FFFCFD	#CFCFCF	15
2977	#FFFCFD	#CFCFCF	15
2978	#FFFFFF	#D3D3D3	37
2979	#FFFFFF	#D3D3D3	37
2980	#FFFFFF	#D3D3D3	37
2981	#FFFFFF	#D3D3D3	37
2982	#FFFFFF	#D3D3D3	37
2983	#FFFFFF	#D3D3D3	37
2984	#FFFFFF	#D3D3D3	32
2985	#FFFFFF	#D3D3D3	63
2986	#FFFFFF	#D3D3D3	37
2987	#FFFFFF	#D3D3D3	37
2988	#FFFFFF	#D3D3D3	37
2989	#FFFFFF	#D3D3D3	37
2990	#FFFFFF	#D3D3D3	32
2991	#FFFFFF	#D3D3D3	32
2992	#FFFFFF	#D3D3D3	32
2993	#FFFFFF	#D3D3D3	32
2994	#FFFFFF	#D3D3D3	37
2995	#FFFFFF	#D3D3D3	32
2996	#FFFFFF	#D3D3D3	63
2997	#FFFFFF	#D3D3D3	39
2998	#FFFFFF	#D3D3D3	39
2999	#FFFFFF	#D3D3D3	39
3000	#FFFFFF	#D3D3D3	5
3002	#FFFFFF	#D3D3D3	55
3003	#FFFAFC	#CDCDCD	45
3004	#FFFFFF	#D3D3D3	5
3005	#FFFFFF	#D3D3D3	5
3006	#FFFFFF	#D3D3D3	5
3007	#FFFFFF	#D3D3D3	5
3008	#FFFFFF	#D3D3D3	5
3009	#FFFFFF	#D3D3D3	42
3010	#FFFFFF	#D3D3D3	42
3011	#FFFFFF	#D3D3D3	1
3013	#FFFFFF	#D3D3D3	1
3014	#FFFFFF	#D3D3D3	63
3015	#FFFCFD	#CFCFCF	15
3016	#FFFCFD	#CFCFCF	15
3017	#FFFCFD	#CFCFCF	15
3018	#FFFFFF	#D3D3D3	71
3019	#FFFFFF	#D3D3D3	71
3020	#FFFCFD	#CFCFCF	15
3021	#FFFCFD	#CFCFCF	15
3022	#FFFCFD	#CFCFCF	15
3023	#FFFCFD	#CFCFCF	15
3024	#FFFCFD	#CFCFCF	15
3025	#FFFFFF	#D3D3D3	63
3026	#FFFCFD	#CFCFCF	15
3027	#FFFCFD	#CFCFCF	15
3028	#FFFFFF	#D3D3D3	37
3029	#FFFFFF	#D3D3D3	37
3030	#FFFFFF	#D3D3D3	37
3031	#FFFFFF	#D3D3D3	37
3032	#FFFFFF	#D3D3D3	37
3033	#FFFFFF	#D3D3D3	37
3034	#FFFFFF	#D3D3D3	32
3035	#FFFFFF	#D3D3D3	37
3036	#FFFFFF	#D3D3D3	63
3037	#FFFFFF	#D3D3D3	37
3038	#FFFFFF	#D3D3D3	37
3039	#FFFFFF	#D3D3D3	37
3040	#FFFFFF	#D3D3D3	32
3041	#FFFFFF	#D3D3D3	32
3042	#FFFFFF	#D3D3D3	32
3043	#FFFFFF	#D3D3D3	32
3044	#FFFFFF	#D3D3D3	37
3045	#FFFFFF	#D3D3D3	37
3046	#FFFFFF	#D3D3D3	39
3047	#FFFFFF	#D3D3D3	39
3048	#FFFFFF	#D3D3D3	39
3049	#FFFFFF	#D3D3D3	39
3050	#FFFFFF	#D3D3D3	5
3051	#FFFFFF	#D3D3D3	65
3052	#FFFAFC	#CDCDCD	45
3053	#FFFFFF	#D3D3D3	5
3054	#FFFFFF	#D3D3D3	5
3055	#FFFFFF	#D3D3D3	5
3056	#FFFFFF	#D3D3D3	5
3057	#FFFFFF	#D3D3D3	5
3058	#FFFFFF	#D3D3D3	42
3059	#FFFFFF	#D3D3D3	42
3060	#FFFFFF	#D3D3D3	1
3062	#FFFFFF	#D3D3D3	1
3063	#FFFFFF	#D3D3D3	63
3064	#FFFCFD	#CFCFCF	15
3065	#FFFCFD	#CFCFCF	15
3066	#FFFCFD	#CFCFCF	15
3067	#FFFFFF	#D3D3D3	71
3068	#FFFFFF	#D3D3D3	71
3069	#FFFFFF	#D3D3D3	71
3070	#FFFCFD	#CFCFCF	15
3071	#FFFCFD	#CFCFCF	15
3072	#FFFCFD	#CFCFCF	15
3073	#FFFCFD	#CFCFCF	15
3074	#FFFFFF	#D3D3D3	63
3075	#FFFCFD	#CFCFCF	15
3076	#FFFCFD	#CFCFCF	15
3077	#FFFFFF	#D3D3D3	37
3078	#FFFFFF	#D3D3D3	37
3079	#FFFFFF	#D3D3D3	37
3080	#FFFFFF	#D3D3D3	37
3081	#FFFFFF	#D3D3D3	37
3082	#FFFFFF	#D3D3D3	37
3083	#FFFFFF	#D3D3D3	37
3084	#FFFFFF	#D3D3D3	32
3085	#FFFFFF	#D3D3D3	63
3086	#FFFFFF	#D3D3D3	37
3087	#FFFFFF	#D3D3D3	37
3088	#FFFFFF	#D3D3D3	37
3089	#FFFFFF	#D3D3D3	32
3090	#FFFFFF	#D3D3D3	32
3091	#FFFFFF	#D3D3D3	32
3092	#FFFFFF	#D3D3D3	32
3093	#FFFFFF	#D3D3D3	37
3094	#FFFFFF	#D3D3D3	37
3095	#FFFFFF	#D3D3D3	37
3096	#FFFFFF	#D3D3D3	39
3097	#FFFFFF	#D3D3D3	39
3098	#FFFFFF	#D3D3D3	39
3099	#FFFFFF	#D3D3D3	39
3100	#FFFFFF	#D3D3D3	39
3102	#FFFFFF	#D3D3D3	65
3103	#FFFFFF	#D3D3D3	63
3104	#FFFFFF	#D3D3D3	5
3105	#FFFFFF	#D3D3D3	5
3106	#FFFFFF	#D3D3D3	5
3107	#FFFFFF	#D3D3D3	5
3108	#FFFFFF	#D3D3D3	42
3109	#FFFFFF	#D3D3D3	42
3110	#FFFFFF	#D3D3D3	1
3111	#FFFFFF	#D3D3D3	4
3112	#FFFFFF	#D3D3D3	1
3113	#FFFCFD	#CFCFCF	15
3114	#FFFFFF	#D3D3D3	63
3115	#FFFCFD	#CFCFCF	15
3116	#FFFCFD	#CFCFCF	15
3117	#FFFFFF	#D3D3D3	71
3118	#FFFFFF	#D3D3D3	71
3119	#FFFFFF	#D3D3D3	71
3120	#FFFFFF	#D3D3D3	71
3121	#FFFCFD	#CFCFCF	15
3122	#FFFCFD	#CFCFCF	15
3123	#FFFCFD	#CFCFCF	15
3124	#FFFCFD	#CFCFCF	15
3125	#FFFFFF	#D3D3D3	63
3126	#FFFCFD	#CFCFCF	15
3127	#FFFCFD	#CFCFCF	15
3128	#FFFFFF	#D3D3D3	37
3129	#FFFFFF	#D3D3D3	37
3130	#FFFFFF	#D3D3D3	37
3131	#FFFFFF	#D3D3D3	37
3132	#FFFFFF	#D3D3D3	37
3133	#FFFFFF	#D3D3D3	37
3134	#FFFFFF	#D3D3D3	37
3135	#FFFFFF	#D3D3D3	37
3136	#FFFFFF	#D3D3D3	39
3137	#FFFFFF	#D3D3D3	37
3138	#FFFFFF	#D3D3D3	37
3139	#FFFFFF	#D3D3D3	32
3140	#FFFFFF	#D3D3D3	32
3141	#FFFFFF	#D3D3D3	32
3142	#FFFFFF	#D3D3D3	32
3143	#FFFFFF	#D3D3D3	37
3144	#FFFFFF	#D3D3D3	37
3145	#FFFFFF	#D3D3D3	37
3146	#FFFFFF	#D3D3D3	39
3147	#FFFFFF	#D3D3D3	39
3148	#FFFFFF	#D3D3D3	39
3149	#FFFFFF	#D3D3D3	39
3150	#FFFFFF	#D3D3D3	5
3151	#FFFFFF	#D3D3D3	65
3152	#FFFFFF	#D3D3D3	39
3153	#FFFFFF	#D3D3D3	5
3154	#FFFFFF	#D3D3D3	5
3155	#FFFFFF	#D3D3D3	5
3156	#FFFFFF	#D3D3D3	5
3157	#FFFFFF	#D3D3D3	42
3158	#FFFFFF	#D3D3D3	42
3159	#FFFFFF	#D3D3D3	1
3161	#FFFFFF	#D3D3D3	1
3162	#FFFCFD	#CFCFCF	15
3163	#FFFFFF	#D3D3D3	63
3164	#FFFCFD	#CFCFCF	15
3165	#FFFCFD	#CFCFCF	15
3166	#FFFCFD	#CFCFCF	15
3167	#FFFFFF	#D3D3D3	71
3168	#FFFFFF	#D3D3D3	71
3169	#FFFFFF	#D3D3D3	71
3170	#FFFCFD	#CFCFCF	15
3171	#FFFCFD	#CFCFCF	15
3172	#FFFCFD	#CFCFCF	15
3173	#FFFCFD	#CFCFCF	15
3174	#FFFFFF	#D3D3D3	63
3175	#FFFCFD	#CFCFCF	15
3176	#FFFCFD	#CFCFCF	15
3177	#FFFCFD	#CFCFCF	15
3178	#FFFFFF	#D3D3D3	37
3179	#FFFFFF	#D3D3D3	37
3180	#FFFFFF	#D3D3D3	37
3181	#FFFFFF	#D3D3D3	37
3182	#FFFFFF	#D3D3D3	37
3183	#FFFFFF	#D3D3D3	37
3184	#FFFFFF	#D3D3D3	37
3185	#FFFFFF	#D3D3D3	39
3186	#FFFFFF	#D3D3D3	37
3187	#FFFFFF	#D3D3D3	37
3188	#FFFFFF	#D3D3D3	32
3189	#FFFFFF	#D3D3D3	37
3190	#FFFFFF	#D3D3D3	37
3191	#FFFFFF	#D3D3D3	32
3192	#FFFFFF	#D3D3D3	37
3193	#FFFFFF	#D3D3D3	37
3194	#FFFFFF	#D3D3D3	37
3195	#FFFFFF	#D3D3D3	37
3196	#FFFFFF	#D3D3D3	39
3197	#FFFFFF	#D3D3D3	39
3198	#FFFFFF	#D3D3D3	39
3199	#FFFFFF	#D3D3D3	39
3200	#FFFFFF	#D3D3D3	5
3202	#FFFFFF	#D3D3D3	65
3203	#FFFFFF	#D3D3D3	39
3204	#FFFFFF	#D3D3D3	5
3205	#FFFFFF	#D3D3D3	5
3206	#FFFFFF	#D3D3D3	5
3207	#FFFFFF	#D3D3D3	5
3208	#FFFFFF	#D3D3D3	42
3209	#FFFFFF	#D3D3D3	1
3211	#FFFFFF	#D3D3D3	1
3212	#FFFCFD	#CFCFCF	15
3213	#FFFCFD	#CFCFCF	15
3214	#FFFFFF	#D3D3D3	63
3215	#FFFCFD	#CFCFCF	15
3216	#FFFCFD	#CFCFCF	15
3217	#FFFCFD	#CFCFCF	15
3218	#FFFFFF	#D3D3D3	71
3219	#FFFFFF	#D3D3D3	71
3220	#FFFCFD	#CFCFCF	15
3221	#FFFCFD	#CFCFCF	15
3222	#FFFCFD	#CFCFCF	15
3223	#FFFCFD	#CFCFCF	15
3224	#FFFCFD	#CFCFCF	15
3225	#FFFFFF	#D3D3D3	39
3226	#FFFCFD	#CFCFCF	15
3227	#FFFCFD	#CFCFCF	15
3228	#FFFCFD	#CFCFCF	15
3229	#FFFFFF	#D3D3D3	37
3230	#FFFFFF	#D3D3D3	37
3231	#FFFFFF	#D3D3D3	37
3232	#FFFFFF	#D3D3D3	37
3233	#FFFFFF	#D3D3D3	37
3234	#FFFFFF	#D3D3D3	37
3235	#FFFFFF	#D3D3D3	37
3236	#FFFFFF	#D3D3D3	39
3237	#FFFFFF	#D3D3D3	37
3238	#FFFFFF	#D3D3D3	32
3239	#FFFFFF	#D3D3D3	37
3240	#FFFFFF	#D3D3D3	37
3241	#FFFFFF	#D3D3D3	32
3242	#FFFFFF	#D3D3D3	37
3243	#FFFFFF	#D3D3D3	37
3244	#FFFFFF	#D3D3D3	37
3245	#FFFFFF	#D3D3D3	37
3246	#FFFFFF	#D3D3D3	39
3247	#FFFFFF	#D3D3D3	39
3248	#FFFFFF	#D3D3D3	39
3249	#FFFFFF	#D3D3D3	5
3250	#FFFFFF	#D3D3D3	5
3251	#FFFFFF	#D3D3D3	65
3252	#FFFFFF	#D3D3D3	39
3253	#FFFFFF	#D3D3D3	5
3254	#FFFFFF	#D3D3D3	5
3255	#FFFFFF	#D3D3D3	5
3256	#FFFFFF	#D3D3D3	5
3257	#FFFFFF	#D3D3D3	42
3258	#FFFFFF	#D3D3D3	1
3260	#FFFFFF	#D3D3D3	1
3261	#FFFCFD	#CFCFCF	15
3262	#FFFCFD	#CFCFCF	15
3263	#FFFFFF	#D3D3D3	39
3264	#FFFCFD	#CFCFCF	15
3265	#FFFCFD	#CFCFCF	15
3266	#FFFCFD	#CFCFCF	15
3267	#FFFCFD	#CFCFCF	15
3268	#FFFCFD	#CFCFCF	15
3269	#FFFCFD	#CFCFCF	15
3270	#FFFCFD	#CFCFCF	15
3271	#FFFCFD	#CFCFCF	15
3272	#FFFCFD	#CFCFCF	15
3273	#FFFCFD	#CFCFCF	15
3274	#FFFFFF	#D3D3D3	39
3275	#FFFCFD	#CFCFCF	15
3276	#FFFCFD	#CFCFCF	15
3277	#FFFCFD	#CFCFCF	15
3278	#FFFCFD	#CFCFCF	15
3279	#FFFFFF	#D3D3D3	37
3280	#FFFFFF	#D3D3D3	37
3281	#FFFFFF	#D3D3D3	37
3282	#FFFFFF	#D3D3D3	37
3283	#FFFFFF	#D3D3D3	37
3284	#FFFFFF	#D3D3D3	37
3285	#FFFFFF	#D3D3D3	39
3286	#FFFFFF	#D3D3D3	37
3287	#FFFFFF	#D3D3D3	37
3288	#FFFFFF	#D3D3D3	32
3289	#FFFFFF	#D3D3D3	37
3290	#FFFFFF	#D3D3D3	32
3291	#FFFFFF	#D3D3D3	37
3292	#FFFFFF	#D3D3D3	37
3293	#FFFFFF	#D3D3D3	37
3294	#FFFFFF	#D3D3D3	37
3295	#FFFFFF	#D3D3D3	37
3296	#FFFFFF	#D3D3D3	39
3297	#FFFFFF	#D3D3D3	39
3298	#FFFFFF	#D3D3D3	39
3299	#FFFFFF	#D3D3D3	5
3300	#FFFFFF	#D3D3D3	5
3302	#FFFFFF	#D3D3D3	65
3303	#FFFFFF	#D3D3D3	39
3304	#FFFFFF	#D3D3D3	5
3305	#FFFFFF	#D3D3D3	5
3306	#FFFFFF	#D3D3D3	5
3307	#FFFFFF	#D3D3D3	42
3308	#FFFFFF	#D3D3D3	1
3309	#FFFFFF	#D3D3D3	4
3310	#FFFFFF	#D3D3D3	1
3311	#FFFCFD	#CFCFCF	15
3312	#FFFCFD	#CFCFCF	15
3313	#FFFCFD	#CFCFCF	15
3314	#FFFFFF	#D3D3D3	39
3315	#FFFCFD	#CFCFCF	15
3316	#FFFCFD	#CFCFCF	15
3317	#FFFCFD	#CFCFCF	15
3318	#FFFCFD	#CFCFCF	15
3319	#FFFCFD	#CFCFCF	15
3320	#FFFCFD	#CFCFCF	15
3321	#FFFCFD	#CFCFCF	15
3322	#FFFCFD	#CFCFCF	15
3323	#FFFCFD	#CFCFCF	15
3324	#FFFCFD	#CFCFCF	15
3325	#FFFFFF	#D3D3D3	39
3326	#FFFCFD	#CFCFCF	15
3327	#FFFCFD	#CFCFCF	15
3328	#FFFCFD	#CFCFCF	15
3329	#FFFFFF	#D3D3D3	37
3330	#FFFFFF	#D3D3D3	37
3331	#FFFFFF	#D3D3D3	37
3332	#FFFFFF	#D3D3D3	37
3333	#FFFFFF	#D3D3D3	37
3334	#FFFFFF	#D3D3D3	37
3335	#FFFFFF	#D3D3D3	37
3336	#FFFFFF	#D3D3D3	39
3337	#FFFFFF	#D3D3D3	37
3338	#FFFFFF	#D3D3D3	37
3339	#FFFFFF	#D3D3D3	37
3340	#FFFFFF	#D3D3D3	32
3341	#FFFFFF	#D3D3D3	37
3342	#FFFFFF	#D3D3D3	37
3343	#FFFFFF	#D3D3D3	37
3344	#FFFFFF	#D3D3D3	37
3345	#FFFFFF	#D3D3D3	37
3346	#FFFFFF	#D3D3D3	39
3347	#FFFFFF	#D3D3D3	39
3348	#FFFFFF	#D3D3D3	5
3349	#FFFFFF	#D3D3D3	5
3350	#FFFFFF	#D3D3D3	5
3351	#CD1076	#000000	13
3352	#CD1076	#000000	13
3353	#CD1076	#000000	12
3354	#CD1076	#000000	12
3355	#CD1076	#000000	20
3356	#CD1076	#000000	20
3357	#CD1076	#000000	20
3358	#CD1076	#000000	20
3359	#FFFAFC	#CDCDCD	45
3360	#FFFAFC	#CDCDCD	45
3361	#FFFAFC	#CDCDCD	45
3362	#FFFFFF	#D3D3D3	11
3363	#CD1076	#000000	13
3364	#FFFFFF	#D3D3D3	11
3365	#FFFFFF	#D3D3D3	11
3366	#FFFFFF	#D3D3D3	11
3367	#FFFFFF	#D3D3D3	11
3368	#FFFFFF	#D3D3D3	11
3369	#FFFFFF	#D3D3D3	11
3370	#FFFEFF	#D2D2D2	14
3371	#FFFEFF	#D2D2D2	14
3372	#FFFFFF	#D3D3D3	82
3373	#FFFFFF	#D3D3D3	82
3374	#CD1076	#000000	34
3375	#FFFFFF	#D3D3D3	82
3376	#FFFFFF	#D3D3D3	82
3377	#FFFFFF	#D3D3D3	82
3378	#FFFFFF	#D3D3D3	82
3379	#FFFFFF	#D3D3D3	18
3380	#FFFFFF	#D3D3D3	18
3381	#FFFFFF	#D3D3D3	18
3382	#FFFFFF	#D3D3D3	18
3383	#FFFFFF	#D3D3D3	11
3384	#FFFFFF	#D3D3D3	11
3385	#CD1076	#000000	40
3386	#FFFFFF	#D3D3D3	11
3387	#FFFFFF	#D3D3D3	11
3388	#FFFFFF	#D3D3D3	11
3389	#FFFFFF	#D3D3D3	11
3390	#FFFFFF	#D3D3D3	11
3391	#FFFFFF	#D3D3D3	11
3392	#FFFFFF	#D3D3D3	11
3393	#FFFFFF	#D3D3D3	19
3394	#FFFFFF	#D3D3D3	19
3395	#FFFFFF	#D3D3D3	61
3396	#CD1076	#000000	40
3397	#CD1076	#000000	40
3398	#CD1076	#000000	40
3399	#CD1076	#000000	12
3400	#CD1076	#000000	12
3402	#CD1076	#000000	13
3403	#CD1076	#000000	13
3404	#CD1076	#000000	12
3405	#CD1076	#000000	20
3406	#CD1076	#000000	20
3407	#CD1076	#000000	20
3408	#CD1076	#000000	20
3409	#FFFAFC	#CDCDCD	45
3410	#FFFAFC	#CDCDCD	45
3411	#FFFAFC	#CDCDCD	45
3412	#FFFFFF	#D3D3D3	11
3413	#FFFFFF	#D3D3D3	11
3414	#CD1076	#000000	34
3415	#FFFFFF	#D3D3D3	11
3416	#FFFFFF	#D3D3D3	11
3417	#FFFFFF	#D3D3D3	11
3418	#FFFFFF	#D3D3D3	11
3419	#FFFFFF	#D3D3D3	11
3420	#FFFFFF	#D3D3D3	11
3421	#FFFEFF	#D2D2D2	14
3422	#FFFEFF	#D2D2D2	14
3423	#FFFFFF	#D3D3D3	82
3424	#FFFFFF	#D3D3D3	82
3425	#CD1076	#000000	40
3426	#FFFFFF	#D3D3D3	82
3427	#FFFFFF	#D3D3D3	82
3428	#FFFFFF	#D3D3D3	82
3429	#FFFFFF	#D3D3D3	18
3430	#FFFFFF	#D3D3D3	18
3431	#FFFFFF	#D3D3D3	18
3432	#FFFFFF	#D3D3D3	18
3433	#FFFFFF	#D3D3D3	11
3434	#FFFFFF	#D3D3D3	11
3435	#FFFFFF	#D3D3D3	11
3436	#CD1076	#000000	40
3437	#FFFFFF	#D3D3D3	11
3438	#FFFFFF	#D3D3D3	11
3439	#FFFFFF	#D3D3D3	11
3440	#FFFFFF	#D3D3D3	11
3441	#FFFFFF	#D3D3D3	11
3442	#FFFFFF	#D3D3D3	11
3443	#FFFFFF	#D3D3D3	19
3444	#FFFFFF	#D3D3D3	19
3445	#FFFFFF	#D3D3D3	19
3446	#CD1076	#000000	40
3447	#CD1076	#000000	40
3448	#CD1076	#000000	12
3449	#CD1076	#000000	12
3450	#CD1076	#000000	12
3451	#FFFFFF	#D3D3D3	65
3452	#FFFFFF	#D3D3D3	39
3453	#FFFFFF	#D3D3D3	5
3454	#FFFFFF	#D3D3D3	5
3455	#FFFFFF	#D3D3D3	5
3456	#FFFFFF	#D3D3D3	42
3457	#FFFFFF	#D3D3D3	1
3459	#FFFFFF	#D3D3D3	1
3460	#FFFCFD	#CFCFCF	15
3461	#FFFCFD	#CFCFCF	15
3462	#FFFCFD	#CFCFCF	15
3463	#FFFFFF	#D3D3D3	36
3464	#FFFCFD	#CFCFCF	15
3465	#FFFCFD	#CFCFCF	15
3466	#FFFCFD	#CFCFCF	15
3467	#FFFCFD	#CFCFCF	15
3468	#FFFCFD	#CFCFCF	15
3469	#FFFCFD	#CFCFCF	15
3470	#FFFCFD	#CFCFCF	15
3471	#FFFCFD	#CFCFCF	15
3472	#FFFCFD	#CFCFCF	15
3473	#FFFCFD	#CFCFCF	15
3474	#FFFFFF	#D3D3D3	36
3475	#FFFCFD	#CFCFCF	15
3476	#FFFCFD	#CFCFCF	15
3477	#FFFCFD	#CFCFCF	15
3478	#FFFFFF	#D3D3D3	37
3479	#FFFCFD	#CFCFCF	15
3480	#FFFFFF	#D3D3D3	37
3481	#FFFFFF	#D3D3D3	37
3482	#FFFFFF	#D3D3D3	37
3483	#FFFFFF	#D3D3D3	37
3484	#FFFFFF	#D3D3D3	37
3485	#FFFFFF	#D3D3D3	39
3486	#FFFFFF	#D3D3D3	37
3487	#FFFFFF	#D3D3D3	37
3488	#FFFFFF	#D3D3D3	37
3489	#FFFFFF	#D3D3D3	32
3490	#FFFFFF	#D3D3D3	37
3491	#FFFFFF	#D3D3D3	37
3492	#FFFFFF	#D3D3D3	37
3493	#FFFFFF	#D3D3D3	37
3494	#FFFFFF	#D3D3D3	37
3495	#FFFFFF	#D3D3D3	37
3496	#FFFFFF	#D3D3D3	39
3497	#FFFFFF	#D3D3D3	39
3498	#FFFFFF	#D3D3D3	5
3499	#FFFFFF	#D3D3D3	5
3500	#FFFFFF	#D3D3D3	5
3502	#FFFFFF	#D3D3D3	65
3503	#FFFFFF	#D3D3D3	36
3504	#FFFFFF	#D3D3D3	5
3505	#FFFFFF	#D3D3D3	5
3506	#FFFFFF	#D3D3D3	42
3507	#FFFFFF	#D3D3D3	1
3509	#FFFFFF	#D3D3D3	1
3510	#FFFCFD	#CFCFCF	15
3511	#FFFCFD	#CFCFCF	15
3512	#FFFCFD	#CFCFCF	15
3513	#FFFCFD	#CFCFCF	15
3514	#FFFFFF	#D3D3D3	36
3515	#FFFCFD	#CFCFCF	15
3516	#FFFCFD	#CFCFCF	15
3517	#FFFCFD	#CFCFCF	15
3518	#FFFCFD	#CFCFCF	15
3519	#FFFCFD	#CFCFCF	15
3520	#FFFCFD	#CFCFCF	15
3521	#FFFCFD	#CFCFCF	15
3522	#FFFCFD	#CFCFCF	15
3523	#FFFCFD	#CFCFCF	15
3524	#FFFCFD	#CFCFCF	15
3525	#FFFFFF	#D3D3D3	39
3526	#FFFCFD	#CFCFCF	15
3527	#FFFCFD	#CFCFCF	15
3528	#FFFFFF	#D3D3D3	37
3529	#FFFFFF	#D3D3D3	37
3530	#FFFCFD	#CFCFCF	15
3531	#FFFFFF	#D3D3D3	37
3532	#FFFFFF	#D3D3D3	37
3533	#FFFFFF	#D3D3D3	37
3534	#FFFFFF	#D3D3D3	37
3535	#FFFFFF	#D3D3D3	37
3536	#FFFFFF	#D3D3D3	39
3537	#FFFFFF	#D3D3D3	37
3538	#FFFFFF	#D3D3D3	37
3539	#FFFFFF	#D3D3D3	37
3540	#FFFFFF	#D3D3D3	37
3541	#FFFFFF	#D3D3D3	37
3542	#FFFFFF	#D3D3D3	37
3543	#FFFFFF	#D3D3D3	37
3544	#FFFFFF	#D3D3D3	37
3545	#FFFFFF	#D3D3D3	37
3546	#FFFFFF	#D3D3D3	39
3547	#FFFFFF	#D3D3D3	5
3548	#FFFFFF	#D3D3D3	5
3549	#FFFFFF	#D3D3D3	5
3550	#FFFFFF	#D3D3D3	5
3551	#FFFFFF	#D3D3D3	65
3552	#FFFFFF	#D3D3D3	36
3553	#FFFFFF	#D3D3D3	5
3554	#FFFFFF	#D3D3D3	5
3555	#FFFFFF	#D3D3D3	42
3556	#FFFFFF	#D3D3D3	1
3558	#FFFFFF	#D3D3D3	1
3559	#FFFCFD	#CFCFCF	15
3560	#FFFCFD	#CFCFCF	15
3561	#FFFCFD	#CFCFCF	15
3562	#FFFCFD	#CFCFCF	15
3563	#FFFFFF	#D3D3D3	36
3564	#FFFCFD	#CFCFCF	15
3565	#FFFCFD	#CFCFCF	15
3566	#FFFCFD	#CFCFCF	15
3567	#FFFCFD	#CFCFCF	15
3568	#FFFCFD	#CFCFCF	15
3569	#FFFCFD	#CFCFCF	15
3570	#FFFCFD	#CFCFCF	15
3571	#FFFCFD	#CFCFCF	15
3572	#FFFCFD	#CFCFCF	15
3573	#FFFCFD	#CFCFCF	15
3574	#FFFFFF	#D3D3D3	36
3575	#FFFCFD	#CFCFCF	15
3576	#FFFCFD	#CFCFCF	15
3577	#FFFFFF	#D3D3D3	37
3578	#FFFCFD	#CFCFCF	15
3579	#FFFCFD	#CFCFCF	15
3580	#FFFCFD	#CFCFCF	15
3581	#FFFFFF	#D3D3D3	37
3582	#FFFFFF	#D3D3D3	37
3583	#FFFFFF	#D3D3D3	37
3584	#FFFFFF	#D3D3D3	37
3585	#FFFFFF	#D3D3D3	39
3586	#FFFFFF	#D3D3D3	37
3587	#FFFFFF	#D3D3D3	37
3588	#FFFFFF	#D3D3D3	37
3589	#FFFFFF	#D3D3D3	37
3590	#FFFFFF	#D3D3D3	37
3591	#FFFFFF	#D3D3D3	37
3592	#FFFFFF	#D3D3D3	37
3593	#FFFFFF	#D3D3D3	37
3594	#FFFFFF	#D3D3D3	37
3595	#FFFFFF	#D3D3D3	37
3596	#FFFFFF	#D3D3D3	39
3597	#FFFFFF	#D3D3D3	5
3598	#FFFFFF	#D3D3D3	5
3599	#FFFFFF	#D3D3D3	5
3600	#FFFFFF	#D3D3D3	5
3602	#FFFFFF	#D3D3D3	36
3603	#FFFFFF	#D3D3D3	36
3604	#FFFFFF	#D3D3D3	5
3605	#FFFFFF	#D3D3D3	42
3606	#FFFFFF	#D3D3D3	1
3608	#FFFFFF	#D3D3D3	1
3609	#FFFCFD	#CFCFCF	15
3610	#FFFCFD	#CFCFCF	15
3611	#FFFCFD	#CFCFCF	15
3612	#FFFCFD	#CFCFCF	15
3613	#FFFCFD	#CFCFCF	15
3614	#FFFFFF	#D3D3D3	36
3615	#FFFCFD	#CFCFCF	15
3616	#FFFCFD	#CFCFCF	15
3617	#FFFCFD	#CFCFCF	15
3618	#FFFCFD	#CFCFCF	15
3619	#FFFCFD	#CFCFCF	15
3620	#FFFCFD	#CFCFCF	15
3621	#FFFCFD	#CFCFCF	15
3622	#FFFCFD	#CFCFCF	15
3623	#FFFCFD	#CFCFCF	15
3624	#FFFCFD	#CFCFCF	15
3625	#FFFFFF	#D3D3D3	36
3626	#FFFCFD	#CFCFCF	15
3627	#FFFCFD	#CFCFCF	15
3628	#FFFCFD	#CFCFCF	15
3629	#FFFCFD	#CFCFCF	15
3630	#FFFCFD	#CFCFCF	15
3631	#FFFCFD	#CFCFCF	15
3632	#FFFFFF	#D3D3D3	37
3633	#FFFFFF	#D3D3D3	37
3634	#FFFCFD	#CFCFCF	15
3635	#FFFCFD	#CFCFCF	15
3636	#FFFFFF	#D3D3D3	36
3637	#FFFFFF	#D3D3D3	37
3638	#FFFFFF	#D3D3D3	37
3639	#FFFFFF	#D3D3D3	37
3640	#FFFFFF	#D3D3D3	37
3641	#FFFFFF	#D3D3D3	37
3642	#FFFFFF	#D3D3D3	37
3643	#FFFFFF	#D3D3D3	37
3644	#FFFFFF	#D3D3D3	37
3645	#FFFFFF	#D3D3D3	37
3646	#FFFFFF	#D3D3D3	39
3647	#FFFFFF	#D3D3D3	5
3648	#FFFFFF	#D3D3D3	5
3649	#FFFFFF	#D3D3D3	5
3650	#FFFFFF	#D3D3D3	5
3651	#FAD4E0	#A2A2A2	73
3652	#FFFFFF	#D3D3D3	36
3653	#FFFFFF	#D3D3D3	5
3654	#FFFFFF	#D3D3D3	42
3655	#FFFFFF	#D3D3D3	1
3657	#FFFFFF	#D3D3D3	1
3658	#FFFCFD	#CFCFCF	15
3659	#FFFCFD	#CFCFCF	15
3660	#FFFCFD	#CFCFCF	15
3661	#FFFCFD	#CFCFCF	15
3662	#FFFCFD	#CFCFCF	15
3663	#FFFFFF	#D3D3D3	36
3664	#FFFCFD	#CFCFCF	15
3665	#FFFCFD	#CFCFCF	15
3666	#FFFCFD	#CFCFCF	15
3667	#FFFCFD	#CFCFCF	15
3668	#FFFCFD	#CFCFCF	15
3669	#FFFCFD	#CFCFCF	15
3670	#FFFCFD	#CFCFCF	15
3671	#FFFCFD	#CFCFCF	15
3672	#FFFCFD	#CFCFCF	15
3673	#FFFCFD	#CFCFCF	15
3674	#FFFFFF	#D3D3D3	36
3675	#FFFFFF	#D3D3D3	76
3676	#FFFCFD	#CFCFCF	15
3677	#FFFCFD	#CFCFCF	15
3678	#FFFCFD	#CFCFCF	15
3679	#FFFCFD	#CFCFCF	15
3680	#FFFCFD	#CFCFCF	15
3681	#FFFCFD	#CFCFCF	15
3682	#FFFFFF	#D3D3D3	37
3683	#FFFCFD	#CFCFCF	15
3684	#FFFCFD	#CFCFCF	15
3685	#FFFFFF	#D3D3D3	36
3686	#FFFCFD	#CFCFCF	15
3687	#FFFFFF	#D3D3D3	37
3688	#FFFFFF	#D3D3D3	37
3689	#FFFFFF	#D3D3D3	37
3690	#FFFFFF	#D3D3D3	37
3691	#FFFFFF	#D3D3D3	37
3692	#FFFFFF	#D3D3D3	37
3693	#FFFFFF	#D3D3D3	37
3694	#FFFFFF	#D3D3D3	37
3695	#FFFFFF	#D3D3D3	37
3696	#FFFFFF	#D3D3D3	39
3697	#FFFFFF	#D3D3D3	5
3698	#FFFFFF	#D3D3D3	5
3699	#FFFFFF	#D3D3D3	5
3700	#FFFFFF	#D3D3D3	5
3702	#FAD4E0	#A2A2A2	73
3703	#FFFFFF	#D3D3D3	36
3704	#FFFFFF	#D3D3D3	42
3705	#FFFFFF	#D3D3D3	1
3706	#FFFFFF	#D3D3D3	4
3707	#FFFFFF	#D3D3D3	1
3708	#FFFCFD	#CFCFCF	15
3709	#FFFCFD	#CFCFCF	15
3710	#FFFCFD	#CFCFCF	15
3711	#FFFCFD	#CFCFCF	15
3712	#FFFCFD	#CFCFCF	15
3713	#FFFCFD	#CFCFCF	15
3714	#FFFFFF	#D3D3D3	36
3715	#FFFCFD	#CFCFCF	15
3716	#FFFCFD	#CFCFCF	15
3717	#FFFCFD	#CFCFCF	15
3718	#FFFCFD	#CFCFCF	15
3719	#FFFCFD	#CFCFCF	15
3720	#FFFCFD	#CFCFCF	15
3721	#FFFCFD	#CFCFCF	15
3722	#FFFCFD	#CFCFCF	15
3723	#FFFCFD	#CFCFCF	15
3724	#FFFFFF	#D3D3D3	76
3725	#FFFFFF	#D3D3D3	36
3726	#FFFFFF	#D3D3D3	76
3727	#FFFCFD	#CFCFCF	15
3728	#FFFCFD	#CFCFCF	15
3729	#FFFCFD	#CFCFCF	15
3730	#FFFCFD	#CFCFCF	15
3731	#FFFCFD	#CFCFCF	15
3732	#FFFCFD	#CFCFCF	15
3733	#FFFCFD	#CFCFCF	15
3734	#FFFCFD	#CFCFCF	15
3735	#FFFCFD	#CFCFCF	15
3736	#FFFFFF	#D3D3D3	36
3737	#FFFFFF	#D3D3D3	37
3738	#FFFFFF	#D3D3D3	37
3739	#FFFFFF	#D3D3D3	37
3740	#FFFFFF	#D3D3D3	37
3741	#FFFFFF	#D3D3D3	37
3742	#FFFFFF	#D3D3D3	37
3743	#FFFFFF	#D3D3D3	37
3744	#FFFFFF	#D3D3D3	37
3745	#FFFFFF	#D3D3D3	37
3746	#FFFFFF	#D3D3D3	39
3747	#FFFFFF	#D3D3D3	5
3748	#FFFFFF	#D3D3D3	5
3749	#FFFFFF	#D3D3D3	5
3750	#FFFFFF	#D3D3D3	5
3751	#FAD4E0	#A2A2A2	73
3752	#FFFFFF	#D3D3D3	39
3753	#FFFFFF	#D3D3D3	42
3754	#FFFFFF	#D3D3D3	1
3755	#FFFFFF	#D3D3D3	4
3756	#FFFFFF	#D3D3D3	1
3757	#FFFCFD	#CFCFCF	15
3758	#FFFCFD	#CFCFCF	15
3759	#FFFCFD	#CFCFCF	15
3760	#FFFCFD	#CFCFCF	15
3761	#FFFCFD	#CFCFCF	15
3762	#FFFCFD	#CFCFCF	15
3763	#FFFFFF	#D3D3D3	36
3764	#FFFCFD	#CFCFCF	15
3765	#FFFCFD	#CFCFCF	15
3766	#FFFCFD	#CFCFCF	15
3767	#FFFCFD	#CFCFCF	15
3768	#FFFCFD	#CFCFCF	15
3769	#FFFCFD	#CFCFCF	15
3770	#FFFCFD	#CFCFCF	15
3771	#FFFCFD	#CFCFCF	15
3772	#FFFCFD	#CFCFCF	15
3773	#FFFFFF	#D3D3D3	76
3774	#FFFFFF	#D3D3D3	36
3775	#FFFFFF	#D3D3D3	76
3776	#FFFFFF	#D3D3D3	76
3777	#FFFCFD	#CFCFCF	15
3778	#FFFCFD	#CFCFCF	15
3779	#FFFCFD	#CFCFCF	15
3780	#FFFCFD	#CFCFCF	15
3781	#FFFCFD	#CFCFCF	15
3782	#FFFCFD	#CFCFCF	15
3783	#FFFCFD	#CFCFCF	15
3784	#FFFCFD	#CFCFCF	15
3785	#FFFFFF	#D3D3D3	36
3786	#FFFCFD	#CFCFCF	15
3787	#FFFFFF	#D3D3D3	37
3788	#FFFFFF	#D3D3D3	37
3789	#FFFFFF	#D3D3D3	37
3790	#FFFFFF	#D3D3D3	37
3791	#FFFFFF	#D3D3D3	37
3792	#FFFFFF	#D3D3D3	37
3793	#FFFFFF	#D3D3D3	37
3794	#FFFFFF	#D3D3D3	37
3795	#FFFFFF	#D3D3D3	37
3796	#FFFFFF	#D3D3D3	39
3797	#FFFFFF	#D3D3D3	5
3798	#FFFFFF	#D3D3D3	5
3799	#FFFFFF	#D3D3D3	5
3800	#FFFFFF	#D3D3D3	5
3802	#FAD4E0	#A2A2A2	73
3803	#FFFFFF	#D3D3D3	39
3804	#FFFFFF	#D3D3D3	1
3806	#FFFFFF	#D3D3D3	1
3807	#FFFCFD	#CFCFCF	15
3808	#FFFCFD	#CFCFCF	15
3809	#FFFCFD	#CFCFCF	15
3810	#FFFCFD	#CFCFCF	15
3811	#FFFCFD	#CFCFCF	15
3812	#FFFCFD	#CFCFCF	15
3813	#FFFCFD	#CFCFCF	15
3814	#FFFFFF	#D3D3D3	36
3815	#FFFCFD	#CFCFCF	15
3816	#FFFCFD	#CFCFCF	15
3817	#FFFCFD	#CFCFCF	15
3818	#FFFCFD	#CFCFCF	15
3819	#FFFCFD	#CFCFCF	15
3820	#FFFCFD	#CFCFCF	15
3821	#FFFCFD	#CFCFCF	15
3822	#FFFCFD	#CFCFCF	15
3823	#FFFFFF	#D3D3D3	76
3824	#FFFFFF	#D3D3D3	76
3825	#FFFFFF	#D3D3D3	36
3826	#FFFFFF	#D3D3D3	76
3827	#FFFFFF	#D3D3D3	76
3828	#FFFCFD	#CFCFCF	15
3829	#FFFCFD	#CFCFCF	15
3830	#FFFCFD	#CFCFCF	15
3831	#FFFCFD	#CFCFCF	15
3832	#FFFCFD	#CFCFCF	15
3833	#FFFCFD	#CFCFCF	15
3834	#FFFCFD	#CFCFCF	15
3835	#FFFCFD	#CFCFCF	15
3836	#FFFFFF	#D3D3D3	39
3837	#FFFFFF	#D3D3D3	37
3838	#FFFFFF	#D3D3D3	37
3839	#FFFFFF	#D3D3D3	37
3840	#FFFFFF	#D3D3D3	37
3841	#FFFFFF	#D3D3D3	37
3842	#FFFFFF	#D3D3D3	37
3843	#FFFFFF	#D3D3D3	37
3844	#FFFFFF	#D3D3D3	37
3845	#FFFFFF	#D3D3D3	37
3846	#FFFFFF	#D3D3D3	5
3847	#FFFFFF	#D3D3D3	5
3848	#FFFFFF	#D3D3D3	5
3849	#FFFFFF	#D3D3D3	5
3850	#FFFFFF	#D3D3D3	42
3851	#FAD4E0	#A2A2A2	73
3852	#FAD4E0	#A2A2A2	73
3853	#FFFFFF	#D3D3D3	1
3854	#FFFFFF	#D3D3D3	4
3855	#FFFFFF	#D3D3D3	1
3856	#FFFCFD	#CFCFCF	15
3857	#FFFCFD	#CFCFCF	15
3858	#FFFCFD	#CFCFCF	15
3859	#FFFCFD	#CFCFCF	15
3860	#FFFCFD	#CFCFCF	15
3861	#FFFCFD	#CFCFCF	15
3862	#FFFCFD	#CFCFCF	15
3863	#FFFFFF	#D3D3D3	39
3864	#FFFCFD	#CFCFCF	15
3865	#FFFCFD	#CFCFCF	15
3866	#FFFCFD	#CFCFCF	15
3867	#FFFCFD	#CFCFCF	15
3868	#FFFCFD	#CFCFCF	15
3869	#FFFCFD	#CFCFCF	15
3870	#FFFCFD	#CFCFCF	15
3871	#FFFCFD	#CFCFCF	15
3872	#FFFCFD	#CFCFCF	15
3873	#FFFFFF	#D3D3D3	76
3874	#FFFFFF	#D3D3D3	36
3875	#FFFFFF	#D3D3D3	76
3876	#FFFFFF	#D3D3D3	76
3877	#FFFFFF	#D3D3D3	76
3878	#FFFCFD	#CFCFCF	15
3879	#FFFCFD	#CFCFCF	15
3880	#FFFCFD	#CFCFCF	15
3881	#FFFCFD	#CFCFCF	15
3882	#FFFCFD	#CFCFCF	15
3883	#FFFCFD	#CFCFCF	15
3884	#FFFCFD	#CFCFCF	15
3885	#FFFFFF	#D3D3D3	39
3886	#FFFFFF	#D3D3D3	37
3887	#FFFFFF	#D3D3D3	37
3888	#FFFFFF	#D3D3D3	37
3889	#FFFFFF	#D3D3D3	37
3890	#FFFFFF	#D3D3D3	37
3891	#FFFFFF	#D3D3D3	37
3892	#FFFFFF	#D3D3D3	37
3893	#FFFFFF	#D3D3D3	37
3894	#FFFFFF	#D3D3D3	37
3895	#FFFFFF	#D3D3D3	37
3896	#FFFFFF	#D3D3D3	5
3897	#FFFFFF	#D3D3D3	5
3898	#FFFFFF	#D3D3D3	42
3899	#FFFFFF	#D3D3D3	5
3900	#FFFFFF	#D3D3D3	42
3902	#FAD4E0	#A2A2A2	73
3903	#FAD4E0	#A2A2A2	73
3905	#FFFFFF	#D3D3D3	1
3906	#FFFCFD	#CFCFCF	15
3907	#FFFCFD	#CFCFCF	15
3908	#FFFCFD	#CFCFCF	15
3909	#FFFCFD	#CFCFCF	15
3910	#FFFCFD	#CFCFCF	15
3911	#FFFCFD	#CFCFCF	15
3912	#FFFCFD	#CFCFCF	15
3913	#FFFCFD	#CFCFCF	15
3914	#FFFFFF	#D3D3D3	39
3915	#FFFCFD	#CFCFCF	15
3916	#FFFCFD	#CFCFCF	15
3917	#FFFCFD	#CFCFCF	15
3918	#FFFCFD	#CFCFCF	15
3919	#FFFCFD	#CFCFCF	15
3920	#FFFCFD	#CFCFCF	15
3921	#FFFCFD	#CFCFCF	15
3922	#FFFCFD	#CFCFCF	15
3923	#FFFCFD	#CFCFCF	15
3924	#FFFFFF	#D3D3D3	76
3925	#FFFFFF	#D3D3D3	39
3926	#FFFFFF	#D3D3D3	76
3927	#FFFFFF	#D3D3D3	76
3928	#FFFFFF	#D3D3D3	76
3929	#FFFCFD	#CFCFCF	15
3930	#FFFCFD	#CFCFCF	15
3931	#FFFCFD	#CFCFCF	15
3932	#FFFCFD	#CFCFCF	15
3933	#FFFCFD	#CFCFCF	15
3934	#FFFCFD	#CFCFCF	15
3935	#FFFFFF	#D3D3D3	37
3936	#FFFFFF	#D3D3D3	5
3937	#FFFFFF	#D3D3D3	37
3938	#FFFFFF	#D3D3D3	37
3939	#FFFFFF	#D3D3D3	37
3940	#FFFFFF	#D3D3D3	37
3941	#FFFFFF	#D3D3D3	37
3942	#FFFFFF	#D3D3D3	37
3943	#FFFFFF	#D3D3D3	37
3944	#FFFFFF	#D3D3D3	37
3945	#FFFFFF	#D3D3D3	37
3946	#FFFFFF	#D3D3D3	42
3947	#FFFFFF	#D3D3D3	42
3948	#FFFFFF	#D3D3D3	42
3949	#FFFFFF	#D3D3D3	42
3950	#FFFFFF	#D3D3D3	1
3992	#CD1076	#000000	13
3993	#CD1076	#000000	13
3994	#CD1076	#000000	12
3995	#CD1076	#000000	20
3996	#CD1076	#000000	20
3997	#CD1076	#000000	20
3998	#CD1076	#000000	20
3999	#FFFAFC	#CDCDCD	45
4000	#FFFAFC	#CDCDCD	45
4001	#FFFAFC	#CDCDCD	45
4002	#FFFAFC	#CDCDCD	45
4003	#FFFFFF	#D3D3D3	11
4004	#CD1076	#000000	34
4005	#FFFFFF	#D3D3D3	11
4006	#FFFFFF	#D3D3D3	11
4007	#FFFFFF	#D3D3D3	11
4008	#FFFFFF	#D3D3D3	11
4009	#FFFFFF	#D3D3D3	11
4010	#FFFFFF	#D3D3D3	11
4011	#FFFFFF	#D3D3D3	11
4012	#FFFEFF	#D2D2D2	14
4013	#FFFEFF	#D2D2D2	14
4014	#FFFFFF	#D3D3D3	82
4015	#CD1076	#000000	34
4016	#FFFFFF	#D3D3D3	82
4017	#FFFFFF	#D3D3D3	82
4018	#FFFFFF	#D3D3D3	82
4019	#FFFFFF	#D3D3D3	18
4020	#FFFFFF	#D3D3D3	18
4021	#FFFFFF	#D3D3D3	18
4022	#FFFFFF	#D3D3D3	18
4023	#FFFFFF	#D3D3D3	11
4024	#FFFFFF	#D3D3D3	11
4025	#FFFFFF	#D3D3D3	11
4026	#CD1076	#000000	40
4027	#FFFFFF	#D3D3D3	11
4028	#FFFFFF	#D3D3D3	11
4029	#FFFFFF	#D3D3D3	11
4030	#FFFFFF	#D3D3D3	11
4031	#FFFFFF	#D3D3D3	11
4032	#FFFFFF	#D3D3D3	11
4033	#FFFFFF	#D3D3D3	19
4034	#FFFFFF	#D3D3D3	19
4035	#FFFFFF	#D3D3D3	19
4036	#FFFFFF	#D3D3D3	61
4037	#CD1076	#000000	40
4038	#CD1076	#000000	40
4039	#CD1076	#000000	12
4040	#CD1076	#000000	12
4041	#CD1076	#000000	12
4043	#CD1076	#000000	13
4044	#CD1076	#000000	34
4045	#CD1076	#000000	20
4046	#CD1076	#000000	20
4047	#CD1076	#000000	20
4048	#CD1076	#000000	20
4049	#FFFAFC	#CDCDCD	45
4050	#FFFAFC	#CDCDCD	45
4051	#FFFAFC	#CDCDCD	45
4052	#FFFAFC	#CDCDCD	45
4053	#FFFAFC	#CDCDCD	45
4054	#FFFFFF	#D3D3D3	11
4055	#CD1076	#000000	34
4056	#FFFFFF	#D3D3D3	11
4057	#FFFFFF	#D3D3D3	11
4058	#FFFFFF	#D3D3D3	11
4059	#FFFFFF	#D3D3D3	11
4060	#FFFFFF	#D3D3D3	11
4061	#FFFFFF	#D3D3D3	11
4062	#FFFFFF	#D3D3D3	11
4063	#FFFEFF	#D2D2D2	14
4064	#FFFEFF	#D2D2D2	14
4065	#FFFFFF	#D3D3D3	82
4066	#CD1076	#000000	34
4067	#FFFFFF	#D3D3D3	82
4068	#FFFEFF	#D2D2D2	14
4069	#FFFFFF	#D3D3D3	18
4070	#FFFFFF	#D3D3D3	18
4071	#FFFFFF	#D3D3D3	18
4072	#FFFFFF	#D3D3D3	18
4073	#FFFFFF	#D3D3D3	11
4074	#FFFFFF	#D3D3D3	11
4075	#FFFFFF	#D3D3D3	11
4076	#FFFFFF	#D3D3D3	11
4077	#CD1076	#000000	34
4078	#FFFFFF	#D3D3D3	11
4079	#FFFFFF	#D3D3D3	11
4080	#FFFFFF	#D3D3D3	11
4081	#FFFFFF	#D3D3D3	11
4082	#FFFFFF	#D3D3D3	11
4083	#FFFFFF	#D3D3D3	11
4084	#FFFFFF	#D3D3D3	19
4085	#FFFFFF	#D3D3D3	19
4086	#FFFFFF	#D3D3D3	61
4087	#CD1076	#000000	40
4088	#CD1076	#000000	12
4089	#CD1076	#000000	12
4090	#CD1076	#000000	12
4091	#CD1076	#000000	12
4092	#CD1076	#000000	13
4093	#CD1076	#000000	34
4094	#CD1076	#000000	20
4095	#CD1076	#000000	20
4096	#CD1076	#000000	20
4097	#CD1076	#000000	20
4098	#FFFAFC	#CDCDCD	45
4099	#FFFAFC	#CDCDCD	45
4100	#FFFAFC	#CDCDCD	45
4101	#FFFAFC	#CDCDCD	45
4102	#FFFAFC	#CDCDCD	45
4103	#FFFAFC	#CDCDCD	45
4104	#CD1076	#000000	34
4105	#FFFFFF	#D3D3D3	11
4106	#FFFFFF	#D3D3D3	11
4107	#FFFFFF	#D3D3D3	11
4108	#FFFFFF	#D3D3D3	11
4109	#FFFFFF	#D3D3D3	11
4110	#FFFFFF	#D3D3D3	11
4111	#FFFFFF	#D3D3D3	11
4112	#FFFFFF	#D3D3D3	11
4113	#FFFEFF	#D2D2D2	14
4114	#FFFEFF	#D2D2D2	14
4115	#CD1076	#000000	34
4116	#FFFEFF	#D2D2D2	14
4117	#FFFEFF	#D2D2D2	14
4118	#FFFFFF	#D3D3D3	11
4119	#FFFFFF	#D3D3D3	18
4120	#FFFFFF	#D3D3D3	18
4121	#FFFFFF	#D3D3D3	18
4122	#FFFFFF	#D3D3D3	11
4123	#FFFFFF	#D3D3D3	11
4124	#FFFFFF	#D3D3D3	11
4125	#FFFFFF	#D3D3D3	11
4126	#CD1076	#000000	34
4127	#FFFFFF	#D3D3D3	11
4128	#FFFFFF	#D3D3D3	11
4129	#FFFFFF	#D3D3D3	11
4130	#FFFFFF	#D3D3D3	11
4131	#FFFFFF	#D3D3D3	11
4132	#FFFFFF	#D3D3D3	11
4133	#FFFFFF	#D3D3D3	11
4134	#FFFFFF	#D3D3D3	19
4135	#FFFFFF	#D3D3D3	61
4137	#CD1076	#000000	34
4138	#CD1076	#000000	12
4139	#CD1076	#000000	12
4140	#CD1076	#000000	12
4141	#CD1076	#000000	12
4143	#CD1076	#000000	13
4144	#CD1076	#000000	34
4145	#CD1076	#000000	20
4146	#CD1076	#000000	20
4147	#CD1076	#000000	20
4148	#FFFAFC	#CDCDCD	45
4149	#FFFAFC	#CDCDCD	45
4150	#FFFAFC	#CDCDCD	45
4151	#FFFAFC	#CDCDCD	45
4152	#FFFAFC	#CDCDCD	45
4153	#FFFAFC	#CDCDCD	45
4154	#FFFAFC	#CDCDCD	45
4155	#CD1076	#000000	34
4156	#FFFFFF	#D3D3D3	11
4157	#FFFFFF	#D3D3D3	11
4158	#FFFFFF	#D3D3D3	11
4159	#FFFFFF	#D3D3D3	11
4160	#FFFFFF	#D3D3D3	11
4161	#FFFFFF	#D3D3D3	11
4162	#FFFFFF	#D3D3D3	11
4163	#FFFFFF	#D3D3D3	11
4164	#FFFEFF	#D2D2D2	14
4165	#FFFEFF	#D2D2D2	14
4166	#CD1076	#000000	34
4167	#FFFEFF	#D2D2D2	14
4168	#FFFFFF	#D3D3D3	11
4169	#FFFFFF	#D3D3D3	11
4170	#FFFFFF	#D3D3D3	18
4171	#FFFFFF	#D3D3D3	18
4172	#FFFFFF	#D3D3D3	11
4173	#FFFFFF	#D3D3D3	11
4174	#FFFFFF	#D3D3D3	11
4175	#FFFFFF	#D3D3D3	11
4176	#FFFFFF	#D3D3D3	11
4177	#CD1076	#000000	34
4178	#FFFFFF	#D3D3D3	11
4179	#FFFFFF	#D3D3D3	11
4180	#FFFFFF	#D3D3D3	11
4181	#FFFFFF	#D3D3D3	11
4182	#FFFFFF	#D3D3D3	11
4183	#FFFFFF	#D3D3D3	11
4184	#FFFFFF	#D3D3D3	19
4185	#FFFFFF	#D3D3D3	61
4186	#FFFFFF	#D3D3D3	4
4187	#CD1076	#000000	12
4188	#CD1076	#000000	12
4189	#CD1076	#000000	12
4190	#CD1076	#000000	12
4191	#CD1076	#000000	20
4192	#CD1076	#000000	13
4193	#CD1076	#000000	34
4194	#CD1076	#000000	20
4195	#CD1076	#000000	20
4196	#CD1076	#000000	20
4197	#FFFAFC	#CDCDCD	45
4198	#FFFAFC	#CDCDCD	45
4199	#FFFAFC	#CDCDCD	45
4200	#FFFAFC	#CDCDCD	45
4201	#FFFAFC	#CDCDCD	45
4202	#FFFAFC	#CDCDCD	45
4203	#FFFAFC	#CDCDCD	45
4204	#CD1076	#000000	34
4205	#FFFAFC	#CDCDCD	45
4206	#FFFFFF	#D3D3D3	11
4207	#FFFFFF	#D3D3D3	11
4208	#FFFFFF	#D3D3D3	11
4209	#FFFFFF	#D3D3D3	11
4210	#FFFFFF	#D3D3D3	11
4211	#FFFFFF	#D3D3D3	11
4212	#FFFFFF	#D3D3D3	11
4213	#FFFFFF	#D3D3D3	11
4214	#FFFEFF	#D2D2D2	14
4215	#CD1076	#000000	34
4216	#FFFFFF	#D3D3D3	11
4217	#FFFFFF	#D3D3D3	86
4218	#FFFFFF	#D3D3D3	11
4219	#FFFFFF	#D3D3D3	11
4220	#FFFFFF	#D3D3D3	18
4221	#FFFFFF	#D3D3D3	11
4222	#FFFFFF	#D3D3D3	11
4223	#FFFFFF	#D3D3D3	11
4224	#FFFFFF	#D3D3D3	11
4225	#FFFFFF	#D3D3D3	11
4226	#CD1076	#000000	34
4227	#FFFFFF	#D3D3D3	11
4228	#FFFFFF	#D3D3D3	11
4229	#FFFFFF	#D3D3D3	11
4230	#FFFFFF	#D3D3D3	11
4231	#FFFFFF	#D3D3D3	11
4232	#FFFFFF	#D3D3D3	11
4233	#FFFFFF	#D3D3D3	19
4234	#FFFFFF	#D3D3D3	19
4236	#FFFFFF	#D3D3D3	61
4237	#CD1076	#000000	12
4238	#CD1076	#000000	12
4239	#CD1076	#000000	12
4240	#CD1076	#000000	12
4241	#CD1076	#000000	20
4243	#CD1076	#000000	13
4244	#CD1076	#000000	34
4245	#CD1076	#000000	20
4246	#CD1076	#000000	20
4247	#FFFAFC	#CDCDCD	45
4248	#FFFAFC	#CDCDCD	45
4249	#FFFAFC	#CDCDCD	45
4250	#FFFAFC	#CDCDCD	45
4251	#FFFAFC	#CDCDCD	45
4252	#FFFAFC	#CDCDCD	45
4253	#FFFAFC	#CDCDCD	45
4254	#FFFAFC	#CDCDCD	45
4255	#CD1076	#000000	34
4256	#FFFAFC	#CDCDCD	45
4257	#FFFFFF	#D3D3D3	11
4258	#FFFFFF	#D3D3D3	11
4259	#FFFFFF	#D3D3D3	11
4260	#FFFFFF	#D3D3D3	11
4261	#FFFFFF	#D3D3D3	11
4262	#FFFFFF	#D3D3D3	11
4263	#FFFFFF	#D3D3D3	11
4264	#FFFFFF	#D3D3D3	11
4265	#FFFFFF	#D3D3D3	11
4266	#CD1076	#000000	34
4267	#FFFFFF	#D3D3D3	86
4268	#FFFFFF	#D3D3D3	86
4269	#FFFFFF	#D3D3D3	11
4270	#FFFFFF	#D3D3D3	11
4271	#FFFFFF	#D3D3D3	11
4272	#FFFFFF	#D3D3D3	11
4273	#FFFFFF	#D3D3D3	11
4274	#FFFFFF	#D3D3D3	11
4275	#FFFFFF	#D3D3D3	11
4276	#FFFFFF	#D3D3D3	11
4277	#CD1076	#000000	12
4278	#FFFFFF	#D3D3D3	11
4279	#FFFFFF	#D3D3D3	11
4280	#FFFFFF	#D3D3D3	11
4281	#FFFFFF	#D3D3D3	11
4282	#FFFFFF	#D3D3D3	38
4283	#FFFFFF	#D3D3D3	38
4284	#FFFFFF	#D3D3D3	19
4286	#FFFFFF	#D3D3D3	61
4287	#CD1076	#000000	12
4288	#CD1076	#000000	12
4289	#CD1076	#000000	12
4290	#CD1076	#000000	20
4291	#CD1076	#000000	20
4292	#CD1076	#000000	13
4293	#CD1076	#000000	34
4294	#CD1076	#000000	20
4295	#CD1076	#000000	20
4296	#FFFAFC	#CDCDCD	45
4297	#FFFAFC	#CDCDCD	45
4298	#FFFAFC	#CDCDCD	45
4299	#FFFAFC	#CDCDCD	45
4300	#FFFAFC	#CDCDCD	45
4301	#FFFAFC	#CDCDCD	45
4302	#FFFAFC	#CDCDCD	45
4303	#FFFAFC	#CDCDCD	45
4304	#CD1076	#000000	34
4305	#FFFAFC	#CDCDCD	45
4306	#FFFAFC	#CDCDCD	45
4307	#FFFFFF	#D3D3D3	11
4308	#FFFFFF	#D3D3D3	11
4309	#FFFFFF	#D3D3D3	11
4310	#FFFFFF	#D3D3D3	11
4311	#FFFFFF	#D3D3D3	11
4312	#FFFFFF	#D3D3D3	11
4313	#FFFFFF	#D3D3D3	11
4314	#FFFFFF	#D3D3D3	11
4315	#CD1076	#000000	34
4316	#FFFFFF	#D3D3D3	86
4317	#FFFFFF	#D3D3D3	86
4318	#FFFFFF	#D3D3D3	86
4319	#FFFFFF	#D3D3D3	11
4320	#FFFFFF	#D3D3D3	11
4321	#FFFFFF	#D3D3D3	11
4322	#FFFFFF	#D3D3D3	11
4323	#FFFFFF	#D3D3D3	11
4324	#FFFFFF	#D3D3D3	11
4325	#FFFFFF	#D3D3D3	11
4326	#CD1076	#000000	12
4327	#FFFFFF	#D3D3D3	11
4328	#FFFFFF	#D3D3D3	11
4329	#FFFFFF	#D3D3D3	11
4330	#FFFFFF	#D3D3D3	11
4331	#FFFFFF	#D3D3D3	11
4332	#FFFFFF	#D3D3D3	38
4333	#FFFFFF	#D3D3D3	38
4335	#FFFFFF	#D3D3D3	19
4336	#FFFFFF	#D3D3D3	32
4337	#CD1076	#000000	12
4338	#CD1076	#000000	12
4339	#CD1076	#000000	12
4340	#CD1076	#000000	20
4341	#CD1076	#000000	20
4343	#CD1076	#000000	13
4344	#CD1076	#000000	34
4345	#CD1076	#000000	20
4346	#FFFAFC	#CDCDCD	45
4347	#FFFAFC	#CDCDCD	45
4348	#FFFAFC	#CDCDCD	45
4349	#FFFAFC	#CDCDCD	45
4350	#FFFAFC	#CDCDCD	45
4351	#FFFAFC	#CDCDCD	45
4352	#FFFAFC	#CDCDCD	45
4353	#FFFAFC	#CDCDCD	45
4354	#FFFAFC	#CDCDCD	45
4355	#CD1076	#000000	34
4356	#FFFAFC	#CDCDCD	45
4357	#FFFAFC	#CDCDCD	45
4358	#FFFFFF	#D3D3D3	11
4359	#FFFFFF	#D3D3D3	11
4360	#FFFFFF	#D3D3D3	11
4361	#FFFFFF	#D3D3D3	11
4362	#FFFFFF	#D3D3D3	11
4363	#FFFFFF	#D3D3D3	11
4364	#FFFFFF	#D3D3D3	11
4365	#FFFFFF	#D3D3D3	11
4366	#CD1076	#000000	12
4367	#FFFFFF	#D3D3D3	86
4368	#FFFFFF	#D3D3D3	86
4369	#FFFFFF	#D3D3D3	86
4370	#FFFFFF	#D3D3D3	11
4371	#FFFFFF	#D3D3D3	11
4372	#FFFFFF	#D3D3D3	11
4373	#FFFFFF	#D3D3D3	11
4374	#FFFFFF	#D3D3D3	11
4375	#FFFFFF	#D3D3D3	11
4376	#FFFFFF	#D3D3D3	11
4377	#CD1076	#000000	12
4378	#FFFFFF	#D3D3D3	11
4379	#FFFFFF	#D3D3D3	11
4380	#FFFFFF	#D3D3D3	11
4381	#FFFFFF	#D3D3D3	11
4382	#FFFFFF	#D3D3D3	38
4383	#FFFFFF	#D3D3D3	38
4385	#FFFFFF	#D3D3D3	19
4386	#FFFFFF	#D3D3D3	32
4387	#CD1076	#000000	12
4388	#CD1076	#000000	12
4389	#CD1076	#000000	20
4390	#CD1076	#000000	20
4391	#CD1076	#000000	20
4392	#CD1076	#000000	13
4393	#CD1076	#000000	34
4394	#CD1076	#000000	20
4395	#FFFAFC	#CDCDCD	45
4396	#FFFAFC	#CDCDCD	45
4397	#FFFAFC	#CDCDCD	45
4398	#FFFAFC	#CDCDCD	45
4399	#FFFAFC	#CDCDCD	45
4400	#FFFAFC	#CDCDCD	45
4401	#FFFAFC	#CDCDCD	45
4402	#FFFAFC	#CDCDCD	45
4403	#FFFAFC	#CDCDCD	45
4404	#CD1076	#000000	34
4405	#FFFAFC	#CDCDCD	45
4406	#FFFAFC	#CDCDCD	45
4407	#FFFAFC	#CDCDCD	45
4408	#FFFFFF	#D3D3D3	11
4409	#FFFFFF	#D3D3D3	11
4410	#FFFFFF	#D3D3D3	11
4411	#FFFFFF	#D3D3D3	11
4412	#FFFFFF	#D3D3D3	11
4413	#FFFFFF	#D3D3D3	11
4414	#FFFFFF	#D3D3D3	11
4415	#CD1076	#000000	20
4416	#FFFFFF	#D3D3D3	11
4417	#FFFFFF	#D3D3D3	86
4418	#FFFFFF	#D3D3D3	86
4419	#FFFFFF	#D3D3D3	11
4420	#FFFFFF	#D3D3D3	11
4421	#FFFFFF	#D3D3D3	11
4422	#FFFFFF	#D3D3D3	11
4423	#FFFFFF	#D3D3D3	11
4424	#FFFFFF	#D3D3D3	11
4425	#FFFFFF	#D3D3D3	11
4426	#CD1076	#000000	12
4427	#FFFFFF	#D3D3D3	11
4428	#FFFFFF	#D3D3D3	11
4429	#FFFFFF	#D3D3D3	11
4430	#FFFFFF	#D3D3D3	11
4431	#FFFFFF	#D3D3D3	38
4432	#FFFFFF	#D3D3D3	38
4434	#FFFFFF	#D3D3D3	38
4435	#FFFFFF	#D3D3D3	32
4436	#FFFFFF	#D3D3D3	32
4437	#CD1076	#000000	12
4438	#CD1076	#000000	12
4439	#CD1076	#000000	20
4440	#CD1076	#000000	20
4441	#CD1076	#000000	20
4443	#CD1076	#000000	13
4444	#CD1076	#000000	34
4445	#FFFAFC	#CDCDCD	45
4446	#FFFAFC	#CDCDCD	45
4447	#FFFAFC	#CDCDCD	45
4448	#FFFAFC	#CDCDCD	45
4449	#FFFAFC	#CDCDCD	45
4450	#FFFAFC	#CDCDCD	45
4451	#FFFAFC	#CDCDCD	45
4452	#FFFAFC	#CDCDCD	45
4453	#FFFAFC	#CDCDCD	45
4454	#FFFAFC	#CDCDCD	45
4455	#CD1076	#000000	20
4456	#FFFAFC	#CDCDCD	45
4457	#FFFAFC	#CDCDCD	45
4458	#FFFAFC	#CDCDCD	45
4459	#FFFFFF	#D3D3D3	11
4460	#FFFFFF	#D3D3D3	11
4461	#FFFFFF	#D3D3D3	11
4462	#FFFFFF	#D3D3D3	11
4463	#FFFFFF	#D3D3D3	11
4464	#FFFFFF	#D3D3D3	11
4465	#FFFFFF	#D3D3D3	11
4466	#CD1076	#000000	20
4467	#FFFFFF	#D3D3D3	11
4468	#FFFFFF	#D3D3D3	86
4469	#FFFFFF	#D3D3D3	11
4470	#FFFFFF	#D3D3D3	11
4471	#FFFFFF	#D3D3D3	11
4472	#FFFFFF	#D3D3D3	11
4473	#FFFFFF	#D3D3D3	11
4474	#FFFFFF	#D3D3D3	11
4475	#FFFFFF	#D3D3D3	11
4476	#FFFFFF	#D3D3D3	11
4477	#CD1076	#000000	12
4478	#FFFFFF	#D3D3D3	11
4479	#FFFFFF	#D3D3D3	11
4480	#FFFFFF	#D3D3D3	11
4481	#FFFFFF	#D3D3D3	38
4482	#FFFFFF	#D3D3D3	38
4484	#FFFFFF	#D3D3D3	38
4485	#FFFFFF	#D3D3D3	32
4486	#FFFFFF	#D3D3D3	32
4487	#CD1076	#000000	12
4488	#CD1076	#000000	20
4489	#CD1076	#000000	20
4490	#CD1076	#000000	20
4491	#CD1076	#000000	20
4492	#E780A7	#4B4B4B	49
4493	#CD1076	#000000	34
4494	#CD1076	#000000	40
4495	#CD1076	#000000	40
4496	#CD1076	#000000	12
4497	#FFFEFF	#D2D2D2	14
4498	#FFFEFF	#D2D2D2	14
4499	#FFFEFF	#D2D2D2	14
4500	#FFFEFF	#D2D2D2	14
4501	#FFFFFF	#D3D3D3	11
4502	#FFFEFF	#D2D2D2	14
4503	#FFFEFF	#D2D2D2	14
4504	#CD1076	#000000	34
4505	#FFFEFF	#D2D2D2	14
4506	#FFFEFF	#D2D2D2	14
4507	#FFFEFF	#D2D2D2	14
4508	#FFFEFF	#D2D2D2	14
4509	#FFFEFF	#D2D2D2	14
4510	#FFFEFF	#D2D2D2	14
4511	#FFFEFF	#D2D2D2	14
4512	#FFFEFF	#D2D2D2	14
4513	#FFFEFF	#D2D2D2	14
4514	#FFFFFF	#D3D3D3	82
4515	#CD1076	#000000	34
4516	#FFFFFF	#D3D3D3	82
4517	#FFFEFF	#D2D2D2	14
4518	#FFFEFF	#D2D2D2	14
4519	#FFFEFF	#D2D2D2	14
4520	#FFFFFF	#D3D3D3	11
4521	#FFFFFF	#D3D3D3	31
4522	#FFFFFF	#D3D3D3	31
4523	#FFFFFF	#D3D3D3	11
4524	#FFFFFF	#D3D3D3	11
4525	#FFFFFF	#D3D3D3	31
4526	#CD1076	#000000	34
4527	#FFFFFF	#D3D3D3	31
4528	#FFFFFF	#D3D3D3	31
4529	#FFFFFF	#D3D3D3	11
4530	#FFFFFF	#D3D3D3	11
4531	#FFFFFF	#D3D3D3	11
4532	#FFFFFF	#D3D3D3	19
4537	#CD1076	#000000	34
4538	#CD1076	#000000	34
4539	#CD1076	#000000	40
4540	#CD1076	#000000	40
4541	#CD1076	#000000	40
4543	#E780A7	#4B4B4B	49
4544	#CD1076	#000000	34
4545	#CD1076	#000000	40
4546	#CD1076	#000000	40
4547	#FFFEFF	#D2D2D2	14
4548	#FFFEFF	#D2D2D2	14
4549	#FFFEFF	#D2D2D2	14
4550	#FFFEFF	#D2D2D2	14
4551	#FFFEFF	#D2D2D2	14
4552	#FFFEFF	#D2D2D2	14
4553	#FFFEFF	#D2D2D2	14
4554	#FFFEFF	#D2D2D2	14
4555	#CD1076	#000000	34
4556	#FFFEFF	#D2D2D2	14
4557	#FFFEFF	#D2D2D2	14
4558	#FFFEFF	#D2D2D2	14
4559	#FFFEFF	#D2D2D2	14
4560	#FFFEFF	#D2D2D2	14
4561	#FFFEFF	#D2D2D2	14
4562	#FFFEFF	#D2D2D2	14
4563	#FFFEFF	#D2D2D2	14
4564	#FFFFFF	#D3D3D3	82
4565	#FFFFFF	#D3D3D3	82
4566	#CD1076	#000000	34
4567	#FFFEFF	#D2D2D2	14
4568	#FFFEFF	#D2D2D2	14
4569	#FFFEFF	#D2D2D2	14
4570	#FFFFFF	#D3D3D3	11
4571	#FFFFFF	#D3D3D3	31
4572	#FFFFFF	#D3D3D3	31
4573	#FFFFFF	#D3D3D3	31
4574	#FFFFFF	#D3D3D3	11
4575	#FFFFFF	#D3D3D3	31
4576	#FFFFFF	#D3D3D3	31
4577	#CD1076	#000000	34
4578	#FFFFFF	#D3D3D3	31
4579	#FFFFFF	#D3D3D3	31
4580	#FFFFFF	#D3D3D3	11
4581	#FFFFFF	#D3D3D3	11
4582	#FFFFFF	#D3D3D3	19
4587	#CD1076	#000000	34
4588	#CD1076	#000000	40
4589	#CD1076	#000000	40
4590	#CD1076	#000000	40
4591	#CD1076	#000000	40
4592	#E780A7	#4B4B4B	49
4593	#E780A7	#4B4B4B	49
4594	#CD1076	#000000	40
4595	#CD1076	#000000	40
4596	#CD1076	#000000	40
4597	#FFFEFF	#D2D2D2	14
4598	#FFFEFF	#D2D2D2	14
4599	#FFFEFF	#D2D2D2	14
4600	#FFFFFF	#D3D3D3	81
4601	#FFFEFF	#D2D2D2	14
4602	#FFFEFF	#D2D2D2	14
4603	#FFFEFF	#D2D2D2	14
4604	#CD1076	#000000	34
4605	#FFFEFF	#D2D2D2	14
4606	#FFFEFF	#D2D2D2	14
4607	#FFFEFF	#D2D2D2	14
4608	#FFFEFF	#D2D2D2	14
4609	#FFFEFF	#D2D2D2	14
4610	#FFFEFF	#D2D2D2	14
4611	#FFFEFF	#D2D2D2	14
4612	#FFFEFF	#D2D2D2	14
4613	#FFFEFF	#D2D2D2	14
4614	#FFFFFF	#D3D3D3	82
4615	#CD1076	#000000	34
4616	#FFFEFF	#D2D2D2	14
4617	#FFFEFF	#D2D2D2	14
4618	#FFFEFF	#D2D2D2	14
4619	#FFFFFF	#D3D3D3	11
4620	#FFFFFF	#D3D3D3	31
4621	#FFFFFF	#D3D3D3	31
4622	#FFFFFF	#D3D3D3	31
4623	#FFFFFF	#D3D3D3	31
4624	#FFFFFF	#D3D3D3	31
4625	#FFFFFF	#D3D3D3	31
4626	#CD1076	#000000	34
4627	#FFFFFF	#D3D3D3	31
4628	#FFFFFF	#D3D3D3	31
4629	#FFFFFF	#D3D3D3	31
4630	#FFFFFF	#D3D3D3	11
4631	#FFFFFF	#D3D3D3	19
4637	#CD1076	#000000	34
4638	#CD1076	#000000	40
4639	#CD1076	#000000	40
4640	#CD1076	#000000	40
4641	#CD1076	#000000	40
4643	#E780A7	#4B4B4B	49
4644	#CD1076	#000000	34
4645	#CD1076	#000000	40
4646	#CD1076	#000000	40
4647	#FFFEFF	#D2D2D2	14
4648	#FFFEFF	#D2D2D2	14
4649	#FFFEFF	#D2D2D2	14
4650	#FFFFFF	#D3D3D3	81
4651	#FFFFFF	#D3D3D3	81
4652	#FFFEFF	#D2D2D2	14
4653	#FFFEFF	#D2D2D2	14
4654	#FFFEFF	#D2D2D2	14
4655	#CD1076	#000000	34
4656	#FFFEFF	#D2D2D2	14
4657	#FFFEFF	#D2D2D2	14
4658	#FFFEFF	#D2D2D2	14
4659	#FFFEFF	#D2D2D2	14
4660	#FFFEFF	#D2D2D2	14
4661	#FFFEFF	#D2D2D2	14
4662	#FFFEFF	#D2D2D2	14
4663	#FFFFFF	#D3D3D3	79
4664	#FFFEFF	#D2D2D2	14
4665	#FFFEFF	#D2D2D2	14
4666	#CD1076	#000000	34
4667	#FFFEFF	#D2D2D2	14
4668	#FFFEFF	#D2D2D2	14
4669	#FFFFFF	#D3D3D3	11
4670	#FFFFFF	#D3D3D3	31
4671	#FFFFFF	#D3D3D3	31
4672	#FFFFFF	#D3D3D3	31
4673	#FFFFFF	#D3D3D3	31
4674	#FFFFFF	#D3D3D3	31
4675	#FFFFFF	#D3D3D3	31
4676	#FFFFFF	#D3D3D3	31
4677	#CD1076	#000000	34
4678	#FFFFFF	#D3D3D3	31
4679	#FFFFFF	#D3D3D3	31
4680	#FFFFFF	#D3D3D3	31
4681	#FFFFFF	#D3D3D3	19
4687	#CD1076	#000000	40
4688	#CD1076	#000000	40
4689	#CD1076	#000000	40
4690	#CD1076	#000000	40
4691	#CD1076	#000000	40
4692	#E780A7	#4B4B4B	49
4693	#CD1076	#000000	34
4694	#CD1076	#000000	40
4695	#CD1076	#000000	40
4696	#FFFEFF	#D2D2D2	14
4697	#FFFEFF	#D2D2D2	14
4698	#FFFEFF	#D2D2D2	14
4699	#FFFEFF	#D2D2D2	14
4700	#FFFFFF	#D3D3D3	81
4701	#FFFFFF	#D3D3D3	81
4702	#FFFEFF	#D2D2D2	14
4703	#FFFEFF	#D2D2D2	14
4704	#CD1076	#000000	34
4705	#FFFEFF	#D2D2D2	14
4706	#FFFEFF	#D2D2D2	14
4707	#FFFEFF	#D2D2D2	14
4708	#FFFEFF	#D2D2D2	14
4709	#FFFEFF	#D2D2D2	14
4710	#FFFEFF	#D2D2D2	14
4711	#FFFEFF	#D2D2D2	14
4712	#FFFFFF	#D3D3D3	79
4713	#FFFEFF	#D2D2D2	14
4714	#FFFEFF	#D2D2D2	14
4715	#CD1076	#000000	34
4716	#FFFEFF	#D2D2D2	14
4717	#FFFEFF	#D2D2D2	14
4718	#FFFFFF	#D3D3D3	11
4719	#FFFFFF	#D3D3D3	31
4720	#FFFFFF	#D3D3D3	31
4721	#FFFFFF	#D3D3D3	31
4722	#FFFFFF	#D3D3D3	31
4723	#FFFFFF	#D3D3D3	31
4724	#FFFFFF	#D3D3D3	31
4725	#FFFFFF	#D3D3D3	31
4726	#CD1076	#000000	34
4727	#FFFFFF	#D3D3D3	31
4728	#FFFFFF	#D3D3D3	31
4729	#FFFFFF	#D3D3D3	31
4730	#FFFFFF	#D3D3D3	19
4737	#CD1076	#000000	40
4738	#CD1076	#000000	40
4739	#CD1076	#000000	40
4740	#CD1076	#000000	40
4741	#CD1076	#000000	40
4743	#E780A7	#4B4B4B	49
4744	#CD1076	#000000	34
4745	#CD1076	#000000	40
4746	#FFFEFF	#D2D2D2	14
4747	#FFFEFF	#D2D2D2	14
4748	#FFFEFF	#D2D2D2	14
4749	#FFFFFF	#D3D3D3	81
4750	#FFFFFF	#D3D3D3	81
4751	#FFFFFF	#D3D3D3	81
4752	#FFFFFF	#D3D3D3	81
4753	#FFFEFF	#D2D2D2	14
4754	#FFFEFF	#D2D2D2	14
4755	#CD1076	#000000	34
4756	#FFFEFF	#D2D2D2	14
4757	#FFFEFF	#D2D2D2	14
4758	#FFFEFF	#D2D2D2	14
4759	#FFFEFF	#D2D2D2	14
4760	#FFFEFF	#D2D2D2	14
4761	#FFFEFF	#D2D2D2	14
4762	#FFFFFF	#D3D3D3	79
4763	#FFFFFF	#D3D3D3	79
4764	#FFFEFF	#D2D2D2	14
4765	#FFFEFF	#D2D2D2	14
4766	#CD1076	#000000	34
4767	#FFFEFF	#D2D2D2	14
4768	#FFFFFF	#D3D3D3	11
4769	#FFFFFF	#D3D3D3	31
4770	#FFFFFF	#D3D3D3	31
4771	#FFFFFF	#D3D3D3	31
4772	#FFFFFF	#D3D3D3	31
4773	#FFFFFF	#D3D3D3	31
4774	#FFFFFF	#D3D3D3	31
4775	#FFFFFF	#D3D3D3	31
4776	#FFFFFF	#D3D3D3	31
4777	#CD1076	#000000	34
4778	#FFFFFF	#D3D3D3	31
4779	#FFFFFF	#D3D3D3	31
4780	#FFFFFF	#D3D3D3	19
4787	#CD1076	#000000	40
4788	#CD1076	#000000	40
4789	#CD1076	#000000	40
4790	#CD1076	#000000	40
4791	#CD1076	#000000	40
4792	#E780A7	#4B4B4B	49
4793	#CD1076	#000000	34
4794	#CD1076	#000000	40
4795	#FFFEFF	#D2D2D2	14
4796	#FFFEFF	#D2D2D2	14
4797	#FFFEFF	#D2D2D2	14
4798	#FFFEFF	#D2D2D2	14
4799	#FFFFFF	#D3D3D3	81
4800	#FFFFFF	#D3D3D3	81
4801	#FFFFFF	#D3D3D3	81
4802	#FFFFFF	#D3D3D3	81
4803	#FFFEFF	#D2D2D2	14
4804	#CD1076	#000000	34
4805	#FFFEFF	#D2D2D2	14
4806	#FFFEFF	#D2D2D2	14
4807	#FFFEFF	#D2D2D2	14
4808	#FFFEFF	#D2D2D2	14
4809	#FFFEFF	#D2D2D2	14
4810	#FFFFFF	#D3D3D3	79
4811	#FFFFFF	#D3D3D3	79
4812	#FFFFFF	#D3D3D3	79
4813	#FFFEFF	#D2D2D2	14
4814	#FFFEFF	#D2D2D2	14
4815	#CD1076	#000000	34
4816	#FFFEFF	#D2D2D2	14
4817	#FFFFFF	#D3D3D3	11
4818	#FFFFFF	#D3D3D3	31
4819	#FFFFFF	#D3D3D3	31
4820	#FFFFFF	#D3D3D3	31
4821	#FFFFFF	#D3D3D3	31
4822	#FFFFFF	#D3D3D3	31
4823	#FFFFFF	#D3D3D3	31
4824	#FFFFFF	#D3D3D3	31
4825	#FFFFFF	#D3D3D3	31
4826	#CD1076	#000000	34
4827	#FFFFFF	#D3D3D3	31
4828	#FFFFFF	#D3D3D3	31
4829	#FFFFFF	#D3D3D3	19
4837	#CD1076	#000000	40
4838	#CD1076	#000000	40
4839	#CD1076	#000000	40
4840	#CD1076	#000000	40
4841	#CD1076	#000000	40
4843	#E780A7	#4B4B4B	49
4844	#CD1076	#000000	34
4845	#FFFEFF	#D2D2D2	14
4846	#FFFEFF	#D2D2D2	14
4847	#FFFEFF	#D2D2D2	14
4848	#FFFEFF	#D2D2D2	14
4849	#FFFEFF	#D2D2D2	14
4850	#FFFFFF	#D3D3D3	81
4851	#FFFFFF	#D3D3D3	81
4852	#FFFFFF	#D3D3D3	81
4853	#FFFFFF	#D3D3D3	81
4854	#FFFEFF	#D2D2D2	14
4855	#CD1076	#000000	34
4856	#FFFEFF	#D2D2D2	14
4857	#FFFEFF	#D2D2D2	14
4858	#FFFEFF	#D2D2D2	14
4859	#FFFEFF	#D2D2D2	14
4860	#FFFEFF	#D2D2D2	14
4861	#FFFFFF	#D3D3D3	79
4862	#FFFFFF	#D3D3D3	79
4863	#FFFFFF	#D3D3D3	79
4864	#FFFEFF	#D2D2D2	14
4865	#FFFEFF	#D2D2D2	14
4866	#CD1076	#000000	34
4867	#FFFEFF	#D2D2D2	14
4868	#FFFFFF	#D3D3D3	31
4869	#FFFFFF	#D3D3D3	31
4870	#FFFFFF	#D3D3D3	31
4871	#FFFFFF	#D3D3D3	31
4872	#FFFFFF	#D3D3D3	31
4873	#FFFFFF	#D3D3D3	31
4874	#FFFFFF	#D3D3D3	31
4875	#FFFFFF	#D3D3D3	31
4876	#FFFFFF	#D3D3D3	31
4877	#CD1076	#000000	34
4878	#FFFFFF	#D3D3D3	31
4879	#FFFFFF	#D3D3D3	19
4887	#CD1076	#000000	40
4888	#CD1076	#000000	40
4889	#CD1076	#000000	40
4890	#CD1076	#000000	40
4891	#CD1076	#000000	40
4892	#E780A7	#4B4B4B	49
4893	#CD1076	#000000	34
4894	#FFFEFF	#D2D2D2	14
4895	#FFFEFF	#D2D2D2	14
4896	#FFFEFF	#D2D2D2	14
4897	#FFFEFF	#D2D2D2	14
4898	#FFFEFF	#D2D2D2	14
4899	#FFFEFF	#D2D2D2	14
4900	#FFFFFF	#D3D3D3	81
4901	#FFFFFF	#D3D3D3	81
4902	#FFFFFF	#D3D3D3	81
4903	#FFFEFF	#D2D2D2	14
4904	#CD1076	#000000	34
4905	#FFFEFF	#D2D2D2	14
4906	#FFFEFF	#D2D2D2	14
4907	#FFFEFF	#D2D2D2	14
4908	#FFFEFF	#D2D2D2	14
4909	#FFFEFF	#D2D2D2	14
4910	#FFFFFF	#D3D3D3	79
4911	#FFFFFF	#D3D3D3	79
4912	#FFFFFF	#D3D3D3	79
4913	#FFFFFF	#D3D3D3	79
4914	#FFFEFF	#D2D2D2	14
4915	#CD1076	#000000	34
4916	#FFFEFF	#D2D2D2	14
4917	#FFFEFF	#D2D2D2	14
4918	#FFFFFF	#D3D3D3	31
4919	#FFFFFF	#D3D3D3	31
4920	#FFFFFF	#D3D3D3	31
4921	#FFFFFF	#D3D3D3	31
4922	#FFFFFF	#D3D3D3	31
4923	#FFFFFF	#D3D3D3	31
4924	#FFFFFF	#D3D3D3	31
4925	#FFFFFF	#D3D3D3	31
4926	#CD1076	#000000	40
4927	#FFFFFF	#D3D3D3	31
4928	#FFFFFF	#D3D3D3	19
4937	#CD1076	#000000	40
4938	#CD1076	#000000	40
4939	#CD1076	#000000	40
4940	#CD1076	#000000	40
4941	#CD1076	#000000	40
4943	#E780A7	#4B4B4B	49
4944	#CD1076	#000000	34
4945	#FFFEFF	#D2D2D2	14
4946	#FFFEFF	#D2D2D2	14
4947	#FFFEFF	#D2D2D2	14
4948	#FFFEFF	#D2D2D2	14
4949	#FFFEFF	#D2D2D2	14
4950	#FFFEFF	#D2D2D2	14
4951	#FFFFFF	#D3D3D3	81
4952	#FFFFFF	#D3D3D3	81
4953	#FFFFFF	#D3D3D3	81
4954	#FFFEFF	#D2D2D2	14
4955	#CD1076	#000000	34
4956	#FFFEFF	#D2D2D2	14
4957	#FFFEFF	#D2D2D2	14
4958	#FFFEFF	#D2D2D2	14
4959	#FFFEFF	#D2D2D2	14
4960	#FFFFFF	#D3D3D3	79
4961	#FFFFFF	#D3D3D3	79
4962	#FFFFFF	#D3D3D3	79
4963	#FFFFFF	#D3D3D3	79
4964	#FFFFFF	#D3D3D3	79
4965	#FFFFFF	#D3D3D3	79
4966	#CD1076	#000000	40
4967	#FFFFFF	#D3D3D3	31
4968	#FFFFFF	#D3D3D3	31
4969	#FFFFFF	#D3D3D3	31
4970	#FFFFFF	#D3D3D3	31
4971	#FFFFFF	#D3D3D3	31
4972	#FFFFFF	#D3D3D3	31
4973	#FFFFFF	#D3D3D3	31
4974	#FFFFFF	#D3D3D3	31
4975	#FFFFFF	#D3D3D3	31
4976	#FFFFFF	#D3D3D3	31
4977	#CD1076	#000000	40
4978	#FFFFFF	#D3D3D3	19
4987	#CD1076	#000000	40
4988	#CD1076	#000000	40
4989	#CD1076	#000000	40
4990	#CD1076	#000000	40
4991	#FFFFFF	#D3D3D3	78
